frequency_hz,omega_rad_s,pore_conductance_real_s,pore_conductance_imag_s,membrane_conductance_real_s,membrane_conductance_imag_s,total_conductance_real_s,total_conductance_imag_s,delta_sigma_pore_real_s_m,delta_sigma_pore_imag_s_m,delta_sigma_membrane_real_s_m,delta_sigma_membrane_imag_s_m,delta_sigma_total_real_s_m,delta_sigma_total_imag_s_m,apparent_water_sigma_real_s_m,apparent_water_sigma_imag_s_m
0.001,0.006283185307179587,5.359465460473478e-15,2.213335518480487e-12,8.502674521283344e-10,8.21804154128387e-10,8.502728115937949e-10,8.240174896468675e-10,3.9699744151655395e-09,1.6395077914670274e-06,0.0006298277423172848,0.0006087438178728793,0.0006298317122917,0.0006103833256643463,0.0436298317122917,0.0006103833301128415
0.001333521432163324,0.008378762269377678,9.530557298329878e-15,2.9515142765716135e-12,9.816925524736135e-10,9.439332275961056e-10,9.817020830309118e-10,9.468847418726771e-10,7.059672072836947e-09,2.186306871534529e-06,0.000727179668498973,0.0006992097982193375,0.0007271867281710458,0.000701396105090872,0.043727186728171046,0.0007013961110230357
0.0017782794100389228,0.011173259061216542,1.694777315628968e-14,3.935869428900966e-12,1.133364271728206e-09,1.0833133546186743e-09,1.1333812195013622e-09,1.0872492240475753e-09,1.2553906041696061e-08,2.915458836222938e-06,0.0008395290901690415,0.0008024543367545736,0.0008395416440750832,0.0008053697955907965,0.04383954164407508,0.0008053698035014639
0.0023713737056616554,0.014899780425245321,3.013717831898546e-14,5.248475853817584e-12,1.308366403570892e-09,1.2420846500620486e-09,1.308396540749211e-09,1.2473331259158662e-09,2.232383579184108e-08,3.887759891716729e-06,0.0009691602989414015,0.0009200627037496657,0.0009691826227771934,0.0009239504636413824,0.043969182622777186,0.0009239504741904269
0.0031622776601683794,0.019869176531592203,5.3590117469892647e-14,6.998740720476857e-12,1.5102342778553904e-09,1.4225530046323923e-09,1.5102878679728603e-09,1.4295517453528692e-09,3.969638331103159e-08,5.184252385538413e-06,0.0011186920576706596,0.0010537429663943648,0.0011187317540539707,0.0010589272187799031,0.044118731754053966,0.0010589272328472802
0.004216965034285823,0.02649597274431474,9.529122699039149e-14,9.332462595528197e-12,1.743011658903808e-09,1.627166594558909e-09,1.7431069501307984e-09,1.6364990571544371e-09,7.058609406695666e-08,6.912935255946813e-06,0.0012911197473361542,0.001205308588562155,0.0012911903334302212,0.0012122215238181016,0.044291190333430215,0.0012122215425772504
0.005623413251903491,0.035332947520558995,1.6943237503445424e-13,1.2443834167069763e-11,2.011310129953811e-09,1.8584755604978788e-09,2.011479562328846e-09,1.8709193946649487e-09,1.2550546298848464e-07,9.217654938570196e-06,0.0014898593555213418,0.0013766485633317622,0.0014899848609843302,0.0013858662182703325,0.04448998486098433,0.0013858662432860594
0.007498942093324558,0.04711724278016739,3.012284065518419e-13,1.6591263996569476e-11,2.3203684462210087e-09,2.1190695123481245e-09,2.3206696746275606e-09,2.135660776344694e-09,2.231321530013644e-07,1.2289825182644056e-05,0.0017187914416451917,0.0015696811202578701,0.0017190145737981932,0.001581970945440514,0.04471901457379819,0.001581970978799522
0.01,0.06283185307179587,5.354480773172432e-13,2.2118039888794837e-11,2.6761077486973703e-09,2.4114866112439158e-09,2.6766431967746877e-09,2.4336046511327107e-09,3.966282054201802e-07,1.638373325095914e-05,0.001982302036072126,0.001786286378699197,0.001982698664277547,0.001802670111950156,0.044982698664277544,0.001802670156435108
0.01333521432163324,0.08378762269377676,9.514811299737802e-13,2.947885754886152e-11,3.0851762995107177e-09,2.7380872987634865e-09,3.0861277806406915e-09,2.7675661563123482e-09,7.04800837017615e-07,2.183619077693446e-05,0.0022853157774153465,0.002028212813898879,0.002286020578252364,0.0020500490046758135,0.04528602057825236,0.0020500490639974505
0.01778279410038923,0.11173259061216544,1.6898074987609511e-12,3.927278747755557e-11,3.554974379797916e-09,3.1008855975424674e-09,3.556664187296677e-09,3.140158385020023e-09,1.2517092583414453e-06,2.9090953687078203e-05,0.002633314355405864,0.002296952294475902,0.002634566064664205,0.00232604324816298,0.0456345660646642,0.0023260433272696544
0.023713737056616554,0.1489978042524532,2.998054985563635e-12,5.22816240266803e-11,4.0936460821974195e-09,3.5013317832208837e-09,4.096644137182983e-09,3.553613407247564e-09,2.2207814707878778e-06,3.8727128908652074e-05,0.003032330431257348,0.002593579098682136,0.003034551212728136,0.0026323062275907883,0.046034551212728134,0.0026323063330812337
0.03162277660168379,0.198691765315922,5.3097765434508694e-12,6.950813045957155e-11,4.710019967698831e-09,3.940042834749406e-09,4.7153297442422816e-09,4.009550965208978e-09,3.933167809963607e-06,5.148750404412708e-05,0.0034889036797769116,0.0029185502479625236,0.0034928368475868753,0.0029700377520066506,0.04649283684758687,0.0029700378926804205
0.042169650342858224,0.2649597274431474,9.375052523930508e-12,9.219814459786227e-11,5.41347526455857e-09,4.416482367039145e-09,5.422850317082501e-09,4.5086805116370076e-09,6.944483351059636e-06,6.829492192434242e-05,0.004009981677450793,0.0032714684200289964,0.004016926160801852,0.0033397633419533393,0.04701692616080185,0.0033397635295448263
0.05623413251903491,0.35332947520558994,1.64648401836429e-11,1.2180811716339863e-10,6.21370531369568e-09,4.92860089879262e-09,6.230170153879322e-09,5.050409015956018e-09,1.2196177913809556e-05,9.022823493585085e-05,0.004602744676811615,0.003650815480587126,0.004614940854725424,0.0037410437155229767,0.047614940854725424,0.0037410439656802453
0.07498942093324558,0.4711724278016739,2.8656618380122062e-11,1.5983930180443213e-10,7.120347003153152e-09,5.472461476910286e-09,7.149003621533274e-09,5.632300778714718e-09,2.1227124726016345e-05,0.00011839948281809788,0.00527433111344678,0.004053675168081694,0.005295558238172796,0.004172074650899792,0.04829555823817279,0.004172074984489871
0.1,0.6283185307179586,4.9144597978777385e-11,2.0740829288708956e-10,8.14244687301485e-09,6.041895566030472e-09,8.191591470993627e-09,6.2493038589175615e-09,3.6403405910205476e-05,0.00015363577250895524,0.006031442128159149,0.004475478197059609,0.0060678455340693535,0.004629113969568564,0.04906784553406935,0.004629114414418084
0.1333521432163324,0.8378762269377676,8.235978987614421e-11,2.6441853419846865e-10,9.287745712068028e-09,6.628259048303811e-09,9.370105501944172e-09,6.89267758250228e-09,6.100725176010683e-05,0.00019586558088775457,0.00687981163856891,0.004909821517262083,0.006940818890329017,0.0051056870981498375,0.04994081889032902,0.005105687691366206
0.1778279410038923,1.1173259061216543,1.3345970718660633e-10,3.283892651461602e-10,1.0561789236885849e-08,7.220384712727733e-09,1.0695248944072455e-08,7.548773977873892e-09,9.885904236044914e-05,0.00024325130751567424,0.007823547582878407,0.005348433120539062,0.007922406625238855,0.005591684428054735,0.05092240662523885,0.005591685219121477
0.23713737056616552,1.4899780425245321,2.067291553940538e-10,3.9352830359044575e-10,1.1966918008395227e-08,7.804847743208265e-09,1.217364716378928e-08,8.19837604679871e-09,0.00015313270769929912,0.00029150244710403393,0.008864383709922392,0.005781368698672789,0.00901751641762169,0.0060728711457768226,0.05201751641762169,0.006072872200681276
0.31622776601683794,1.9869176531592203,3.0312911585897553e-10,4.511955268372774e-10,1.3501256764181836e-08,8.366660521334289e-09,1.3804385880040811e-08,8.817856048171566e-09,0.00022454008582146337,0.00033421890876835365,0.01000093093643099,0.006197526312099474,0.010225471022252453,0.006531745220867828,0.053225471022252446,0.006531746627605526
0.4216965034285822,2.649597274431474,4.185371453698391e-10,4.924316693864431e-10,1.5157904537580784e-08,8.890473480487096e-09,1.5576441682950623e-08,9.38290514987354e-09,0.00031002751508876975,0.0003647641995455135,0.011228077435245025,0.006585535911471924,0.011538104950333796,0.006950300111017437,0.054538104950333795,0.0069503019869323075
0.5623413251903491,3.533294752055899,5.444263886122484e-10,5.113034903711846e-10,1.6924599554010114e-08,9.362261205486653e-09,1.7469025942622363e-08,9.873564695857838e-09,0.0004032788063794433,0.0003787433262008775,0.012536740410377863,0.006935008300360484,0.012940019216757307,0.007313751626561362,0.0559400192167573,0.007313754128134046
0.7498942093324559,4.71172427801674,6.70677476496017e-10,5.067355425736135e-10,1.8784155467923375e-08,9.771312279045544e-09,1.9454832944419393e-08,1.0278047821619158e-08,0.0004967981307377904,0.0003753596611656396,0.013914189235498796,0.007238009095589292,0.014410987366236588,0.007613368756754932,0.057410987366236586,0.007613372092655721
1.0,6.283185307179586,7.885203706882082e-10,4.820638397836278e-10,2.071588573509105e-08,1.0112144446981003e-08,2.1504406105779257e-08,1.0594208286764631e-08,0.0005840891634727469,0.0003570843257656502,0.015345100544511889,0.007490477368134077,0.015929189707984636,0.007847561693899727,0.058929189707984636,0.007847566142394924
1.333521432163324,8.378762269377676,8.922984941756747e-10,4.432449432172685e-10,2.2698014773362912e-08,1.0385806522679296e-08,2.3590313267538588e-08,1.0829051465896565e-08,0.0006609618475375368,0.00032832958756834704,0.016813344276565122,0.007693190016799479,0.017474306124102657,0.008021519604367826,0.06047430612410265,0.008021525536531513
1.7782794100389228,11.173259061216543,9.798452925700586e-10,3.9675481080181633e-10,2.4710741655780146e-08,1.0600012400534454e-08,2.5690586948350206e-08,1.099676721133627e-08,0.0007258113278296731,0.0002938924524457899,0.018304253078355665,0.00785186103743293,0.019030064406185338,0.00814575348987872,0.06203006440618533,0.008145761400546134
2.371373705661655,14.89978042524532,1.0517186920761786e-09,3.4795624413778454e-10,2.6739289451674385e-08,1.0767765671097025e-08,2.7791008143750563e-08,1.111572191523481e-08,0.0007790508830193916,0.00025774536602798855,0.01980688107531436,0.00797612271933113,0.02058593195833375,0.00823386808535912,0.06358593195833374,0.00823387863440366
3.1622776601683795,19.869176531592203,1.1099157166802057e-09,3.003960760231055e-10,2.8776117424011363e-08,1.0904552294171522e-08,2.988603314069157e-08,1.1204948370194628e-08,0.0008221597901334858,0.00022251561186896704,0.021315642536304715,0.008077446143830757,0.0221378023264382,0.008299961755699725,0.0651378023264382,0.008299975823076709
4.216965034285822,26.495972744314738,1.156744032799857e-09,2.559445510149029e-10,3.082161403680043e-08,1.1024632328464056e-08,3.1978358069600286e-08,1.1280576879478959e-08,0.0008568474317035978,0.00018958855630733549,0.022830825212444766,0.008166394317380782,0.02368767264414836,0.008355982873688118,0.06668767264414835,0.008356001632836821
5.623413251903491,35.332947520558996,1.194191710208515e-09,2.1535812048231805e-10,3.2882960633527623e-08,1.1137231823059258e-08,3.407715234373614e-08,1.1352589943541576e-08,0.0008845864520063075,0.00015952453369060598,0.02435774861742787,0.008249801350414266,0.02524233506943418,0.008409325884104871,0.06824233506943417,0.008409350899831716
7.498942093324558,47.117242780167395,1.2237837624060021e-09,1.788523019456189e-10,3.497124444623113e-08,1.1243464073072729e-08,3.6195028208637135e-08,1.1422316375018348e-08,0.0009065064906711127,0.00013248318662638438,0.025904625515726767,0.0083284919059798,0.02681113200639788,0.008460975092606184,0.06981113200639788,0.008461008451614072
10.0,62.83185307179586,1.2467046085830019e-09,1.46452681379312e-10,3.7097198801504207e-08,1.1334750540013337e-08,3.834390341008721e-08,1.1481203221392648e-08,0.0009234848952466682,0.00010848346768837927,0.027479406519632748,0.00839611151112099,0.02840289141487942,0.00850459497880937,0.07140289141487942,0.008504639463761345
13.33521432163324,83.78762269377677,1.2639532761897084e-09,1.1813192673785792e-10,3.926631326676843e-08,1.139344352121269e-08,4.0530266542958136e-08,1.1511575447950548e-08,0.0009362616860664507,8.75051309169318e-05,0.02908615797538402,0.008439587793490883,0.030022419661450472,0.008527092924407814,0.07302241966145047,0.00852715224604468
17.78279410038923,111.73259061216542,1.276455596669226e-09,9.384153964402835e-11,4.147457778808501e-08,1.1396002846030853e-08,4.275103338475424e-08,1.1489844385674882e-08,0.0009455226641994267,6.951225158816916e-05,0.030721909472655566,0.008441483589652484,0.031667432136854995,0.008510995841240654,0.07466743213685499,0.008511074947914808
23.71373705661655,148.9978042524532,1.2851321733140257e-09,7.347802892853623e-11,4.370638655621228e-08,1.1318175056043669e-08,4.499151872952631e-08,1.1391653084972205e-08,0.0009519497580103895,5.442816957669351e-05,0.032375101152749844,0.008383833374847162,0.033327050910760235,0.008438261544423856,0.07632705091076022,0.008438367034869266
31.622776601683793,198.691765315922,1.2908911313558573e-09,5.681955671880617e-11,4.593551032223731e-08,1.1140574094155511e-08,4.7226401453593165e-08,1.1197393650874317e-08,0.0009562156528561907,4.2088560532449016e-05,0.03402630394239801,0.00825227710678186,0.0349825195952542,0.00829436566731431,0.0779825195952542,0.008294506341084152
42.169650342858226,264.9597274431474,1.2945590449319852e-09,4.350299127082271e-11,4.812868751329439e-08,1.0852838819592734e-08,4.9423246558226374e-08,1.0896341810863557e-08,0.0009589326258755447,3.2224437978387195e-05,0.03565087963947733,0.008039139866364989,0.03660981226535287,0.008071364304343376,0.07960981226535287,0.008071551895830406
56.23413251903491,353.3294752055899,1.296814019239316e-09,3.306326013096835e-11,5.025040943041325e-08,1.0455472637842163e-08,5.154722344965257e-08,1.0488535897973131e-08,0.0009606029772143081,2.4491303800717296e-05,0.03722252550400982,0.007744794546549751,0.03818312848122413,0.007769285850350468,0.08118312848122412,0.007769536007618914
74.98942093324558,471.17242780167396,1.2981614845482377e-09,2.500116073639017e-11,5.2267650501502244e-08,9.959561575791878e-09,5.3565811986050483e-08,9.984562736528269e-09,0.0009616010996653613,1.8519378323251978e-05,0.03871677814926092,0.007377453019105095,0.03967837924892629,0.007395972397428348,0.08267837924892629,0.007396305987507231
100.0,628.3185307179587,1.298949617219517e-09,1.884213729843408e-11,5.415395020877486e-08,9.384838561046567e-09,5.545289982599438e-08,9.403680698345e-09,0.0009621849016440868,1.39571387395808e-05,0.04011403719168508,0.0069517322674419015,0.04107622209332917,0.006965689406181482,0.08407622209332917,0.006966134255701231
133.3521432163324,837.8762269377677,1.2994037417289117e-09,1.4171043098358249e-11,5.589246280526949e-08,8.75634000213683e-09,5.71918665469984e-08,8.770511045235187e-09,0.0009625212901695643,1.0497068961746852e-05,0.041401824300199626,0.006486177779360614,0.04236434559036919,0.006496674848322361,0.08536434559036918,0.006497268064691033
177.82794100389228,1117.3259061216543,1.2996628600726223e-09,1.064473789764034e-11,5.7477396920490225e-08,8.099867406349879e-09,5.8777059780562844e-08,8.11051214424752e-09,0.000962713229683424,7.884991035289141e-06,0.0425758495707335,0.005999901782481392,0.04353856280041692,0.0060077867735166815,0.08653856280041691,0.006008577840258216
237.13737056616552,1489.978042524532,1.2998098166319173e-09,7.990120620811213e-12,5.891295916601945e-08,7.436841574276724e-09,6.021276898265137e-08,7.4448316948975355e-09,0.0009628220863940129,5.918607867267565e-06,0.043639229011866267,0.005508771536501277,0.04460205109826028,0.005514690144368545,0.08760205109826028,0.005515745048822652
316.22776601683796,1986.9176531592204,1.2998928610650584e-09,5.9950194151374255e-12,6.020900540120303e-08,6.7802617666926115e-09,6.15088982622681e-08,6.786256786107749e-09,0.0009628836007889322,4.440755122324019e-06,0.044599263260150394,0.005022416123476009,0.04556214686093933,0.0050268568785983335,0.08856214686093933,0.00502826361629677
421.6965034285823,2649.597274431474,1.299939690485108e-09,4.4970183395992434e-12,6.13744647294195e-08,6.134632260083752e-09,6.267440441990461e-08,6.139129278423351e-09,0.0009629182892482281,3.3311246959994397e-06,0.04546256646623667,0.0045441720445064835,0.0464254847554849,0.004547503169202482,0.0894254847554849,0.00454937908407278
562.341325190349,3533.2947520558987,1.2999660661348483e-09,3.372875068539912e-12,6.241269117039131e-08,5.5010591937669325e-09,6.371265723652616e-08,5.504432068835472e-09,0.0009629378267665544,2.4984259766962313e-06,0.046231623089178754,0.00407485866204958,0.04719456091594531,0.004077357088026276,0.0901945609159453,0.004079858660710731
749.8942093324558,4711.72427801674,1.2999809114564337e-09,2.5295474586678075e-12,6.3322744396172e-08,4.883877142372655e-09,6.462272530762843e-08,4.886406689831323e-09,0.000962948823301062,1.8737388582724501e-06,0.04690573658975704,0.003617686772127893,0.0478686854130581,0.0036195605109861652,0.09086868541305809,0.0036228964117750013
1000.0,6283.185307179586,1.2999892637822505e-09,1.8969976611970394e-12,6.410509876005917e-08,4.292960981668464e-09,6.540508802384142e-08,4.294857979329661e-09,0.0009629550102090745,1.4051834527385477e-06,0.04748525834078457,0.0031799710975321956,0.04844821335099365,0.0031813762809849346,0.09144821335099365,0.0031858247761824177
1333.521432163324,8378.762269377678,1.2999939619668401e-09,1.4225917236543828e-12,6.47658684383656e-08,3.740627131185404e-09,6.606586240033245e-08,3.742049722909059e-09,0.0009629584903458076,1.0537716471513948e-06,0.0479747173617523,0.0027708349119891884,0.048937675852098114,0.00277188868363634,0.09193767585209811,0.0027778208473230592
1778.2794100389228,11173.259061216542,1.2999966043701035e-09,1.0668119245372533e-12,6.531669210000899e-08,3.2375999908912303e-09,6.66166887043791e-08,3.2386668028157676e-09,0.0009629604476815583,7.902310552127803e-07,0.04838273488889555,0.0023982222154749857,0.049345695336577115,0.0023990124465301985,0.0923456953365771,0.0024069231139455397
2371.373705661655,14899.78042524532,1.299998090435517e-09,8.000039416524341e-13,6.57728557353233e-08,2.7911858002643575e-09,6.707285382575882e-08,2.79198580420601e-09,0.0009629615484707534,5.925955123351364e-07,0.04872063387801726,0.0020675450372328575,0.049683595426488016,0.0020681376327451925,0.09268359542648802,0.0020786866772862663
3162.2776601683795,19869.176531592202,1.2999989261535382e-09,5.999216368705099e-13,6.615190098296938e-08,2.404342944033097e-09,6.745189990912292e-08,2.4049428656699675e-09,0.0009629621675211395,4.4438639768185917e-07,0.04900140813553287,0.00178099477335785,0.04996437030305401,0.0017814391597555316,0.09296437030305402,0.001795506536739899
4216.965034285822,26495.97274431474,1.29999939612561e-09,4.4987915894315085e-13,6.64715611682319e-08,2.0745493645001753e-09,6.777156056435751e-08,2.0749992436591185e-09,0.0009629625156486,3.33243821439371e-07,0.04923819345794956,0.001536703232963093,0.05020115597359816,0.0015370364767845323,0.09320115597359815,0.001555795625487507
5623.413251903491,35332.94752055899,1.2999996604145318e-09,3.373623654875269e-13,6.674640534018825e-08,1.7942608923224446e-09,6.804640500060278e-08,1.7945982546879322e-09,0.0009629627114181718,2.498980485092792e-07,0.04944178173347278,0.0013290821424610702,0.05040474444489095,0.0013293320405095795,0.09340474444489094,0.0013543477673541354
7498.942093324558,47117.24278016739,1.299999809036443e-09,2.5298633283435503e-13,6.6985594739561e-08,1.5540850085183614e-09,6.828559454859743e-08,1.5543379948511957e-09,0.0009629628215084763,1.8739728358100374e-07,0.04961895906634148,0.0011511740803839714,0.050581921887849955,0.0011513614776675525,0.09358192188784994,0.001184720485555911
10000.0,62831.853071795864,1.2999998926131074e-09,1.8971309082892266e-13,6.719391694535842e-08,1.346348649328446e-09,6.849391683797153e-08,1.346538362419275e-09,0.0009629628834171166,1.4052821542883162e-07,0.04977327181137661,0.000997295295798849,0.05073623469479373,0.0009974358240142777,0.09373623469479372,0.0010419207759891091
13335.21432163324,83787.62269377676,1.2999999396118496e-09,1.4226479243959292e-13,6.737462065922112e-08,1.1660985432465775e-09,6.867462059883297e-08,1.166240808039017e-09,0.0009629629182309997,1.0538132773303179e-07,0.04990712641423787,0.0008637766987011686,0.050870089332468865,0.0008638820800289015,0.09387008933246886,0.0009232037168960955
17782.794100389227,111732.59061216541,1.299999966041228e-09,1.0668356267818023e-13,6.7531038895375e-08,1.009867011043915e-09,6.883103886141622e-08,1.0099736946065933e-09,0.0009629629378083172,7.902486124309648e-08,0.050022991774351856,0.0007480496378103075,0.05098595471216017,0.0007481286626715507,0.09398595471216017,0.0008272353368249638
23713.737056616552,148997.8042524532,1.2999999809035724e-09,8.000139374200765e-14,6.766646388500336e-08,8.745736038200603e-10,6.896646386590693e-08,8.746536052138023e-10,0.0009629629488174611,5.926029166074641e-08,0.05012330658148397,0.0006478322991259706,0.05108626953030143,0.0006478915594176314,0.09408626953030143,0.0007533820048283683
31622.776601683792,198691.765315922,1.2999999892612876e-09,5.999258521964014e-14,6.778374636265285e-08,7.574038622647442e-10,6.908374635191414e-08,7.574638548499639e-10,0.0009629629550083613,4.443895201454826e-08,0.05021018249085397,0.0005610398979738846,0.05117314544586232,0.0005610843369258992,0.09417314544586232,0.0007017581067695719
42169.65034285822,264959.7274431474,1.299999993961178e-09,4.498809365658775e-14,6.788531047491852e-08,6.559229063055066e-10,6.91853104688797e-08,6.559678943991632e-10,0.0009629629584897615,3.332451381969463e-08,0.05028541516660632,0.00048586881948556044,0.05124837812509608,0.00048590214399938015,0.09424837812509607,0.0006734936310291285
56234.13251903491,353329.4752055899,1.2999999966041215e-09,3.373631151130055e-14,6.797326043607931e-08,5.680341112319275e-10,6.927326043268343e-08,5.680678475434388e-10,0.0009629629604474975,2.4989860378741147e-08,0.050350563285984674,0.00042076600831994634,0.05131352624643217,0.0004207909981803251,0.09431352624643216,0.0006709482666258828
74989.42093324558,471172.42780167394,1.2999999980903558e-09,2.529866489507406e-14,6.804942188589031e-08,4.919186227679313e-10,6.934942188398067e-08,4.919439214328263e-10,0.0009629629615484118,1.8739751774128935e-08,0.050406979174733565,0.00036438416501328243,0.05136994213628198,0.00036440290476505655,0.09436994213628197,0.0006979929836486417
100000.0,628318.5307179586,1.2999999989261275e-09,1.8971322413455773e-14,6.811537501990884e-08,4.259999968895835e-10,6.941537501883497e-08,4.2601896821199695e-10,0.000962962962167502,1.4052831417374647e-08,0.050455833348080625,0.00031555555325154334,0.05141879631024813,0.0003155696060829607,0.09441879631024813,0.0007604191258312753
133352.1432163324,837876.2269377676,1.2999999993961185e-09,1.422648486542223e-14,6.817248808345581e-08,3.6891280909074557e-10,6.947248808285193e-08,3.68927035575611e-10,0.0009629629625156434,1.05381369373498e-08,0.05049813932107838,0.00027326874747462637,0.051461102283594025,0.0002732792856115637,0.09446110228359403,0.0008664956542835031
177827.94100389228,1117325.9061216542,1.2999999996604122e-09,1.0668358638371872e-14,6.822194595971124e-08,3.1947433784136965e-10,6.952194595937165e-08,3.19485006200008e-10,0.0009629629627114165,7.902487880275462e-09,0.050534774784971294,0.00023664765766027383,0.05149773774768271,0.0002366555601481541,0.0944977377476827,0.0010277223016822853
237137.37056616554,1489978.0425245322,1.2999999998090345e-09,8.00014037385565e-15,6.826477471690683e-08,2.766601331472505e-10,6.956477471671587e-08,2.7666813328762436e-10,0.000962962962821507,5.926029906559741e-09,0.05056649979030136,0.0002049334319609263,0.05152946275312287,0.00020493935799083287,0.09452946275312286,0.0012598438120982017
316227.7660168379,1986917.65315922,1.2999999998926126e-09,5.999258943515133e-15,6.83018628931838e-08,2.3958287019934104e-10,6.960186289307642e-08,2.3958886945828456e-10,0.0009629629628834168,4.443895513714914e-09,0.05059397251346949,0.00017746879274025264,0.05155693547635291,0.00017747323663576636,0.09455693547635291,0.0015842109350724942
421696.5034285823,2649597.274431474,1.2999999999396107e-09,4.498809543425437e-15,6.83339799310039e-08,2.0747401654252186e-10,6.963397993094352e-08,2.0747851535206528e-10,0.0009629629629182302,3.3324515136484723e-09,0.05061776291185474,0.00015368445669816435,0.05158072587477298,0.00015368778914967799,0.09458072587477298,0.0020296026594471615
562341.3251903491,3533294.7520558992,1.2999999999660408e-09,3.3736312260936453e-15,6.836179214015248e-08,1.7966794485885937e-10,6.966179214011852e-08,1.7967131849008547e-10,0.0009629629629378081,2.4989860934027005e-09,0.0506383645482611,0.00013308736656211806,0.05160132751119891,0.00013308986554821147,0.0946013275111989,0.0026346625500037885
749894.2093324559,4711724.2780167395,1.2999999999809044e-09,2.529866521119292e-15,6.838587652117502e-08,1.555881664212829e-10,6.968587652115593e-08,1.5559069628780402e-10,0.0009629629629488182,1.8739752008291054e-09,0.05065620483050002,0.00011525049364539474,0.051619167793448835,0.00011525236762059557,0.09461916779344884,0.0034511531564564474
1000000.0,6283185.307179586,1.2999999999892612e-09,1.8971322546762e-15,6.840673273598528e-08,1.3473540315057898e-10,6.970673273597454e-08,1.3473730028283366e-10,0.0009629629629550083,1.405283151612e-09,0.05067165387850762,9.980400233376222e-05,0.05163461684146262,9.980540761691383e-05,0.09463461684146263,0.004548300605100061
1333521.432163324,8378762.269377677,1.2999999999939596e-09,1.4226484921637005e-15,6.842479347399306e-08,1.1667725348966077e-10,6.972479347398701e-08,1.1667867613815293e-10,0.0009629629629584886,1.0538136978990376e-09,0.05068503220295782,8.64275951775265e-05,0.05164799516591631,8.64286489912244e-05,0.09464799516591631,0.00601859233571062
1778279.410038923,11173259.061216542,1.2999999999966047e-09,1.0668358662077442e-15,6.844043342880096e-08,1.0103923970484648e-10,6.974043342879756e-08,1.0104030654071269e-10,0.000962962962960448,7.902487897835142e-10,0.05069661735466738,7.484388126284925e-05,0.05165958031762783,7.484467151163904e-05,0.09465958031762783,0.007985512086852952
2371373.7056616554,14899780.425245322,1.299999999998092e-09,8.000140383852215e-16,6.845397707170982e-08,8.749705238233062e-11,6.97539770717079e-08,8.749785239636901e-11,0.0009629629629615496,5.926029913964604e-10,0.05070664968274802,6.481263139431898e-05,0.05166961264570956,6.481322399731038e-05,0.09466961264570956,0.010613857765070999
3162277.6601683795,19869176.5315922,1.2999999999989258e-09,5.999258947730644e-16,6.846570538329415e-08,7.576983234950934e-11,6.976570538329307e-08,7.577043227540412e-11,0.0009629629629621673,4.443895516837514e-10,0.050715337320958634,5.6125801740377296e-05,0.05167830028392079,5.6126246129928976e-05,0.0946783002839208,0.014123503230497209
4216965.034285823,26495972.74431474,1.2999999999993933e-09,4.498809545203109e-16,6.847586168270995e-08,6.561435149162522e-11,6.977586168270935e-08,6.561480137257974e-11,0.0009629629629625136,3.332451514965266e-10,0.05072286050571108,4.86032233271298e-05,0.0516858234686736,4.860355657228129e-05,0.0946858234686736,0.01880775225954712
5623413.251903491,35332947.52055899,1.2999999999996605e-09,3.3736312268432805e-16,6.848465667566891e-08,5.6819972371485037e-11,6.978465667566857e-08,5.682030973460772e-11,0.0009629629629627116,2.498986093957986e-10,0.050729375315310306,4.2088868423322254e-05,0.05169233827827302,4.208911832193165e-05,0.09469233827827302,0.0250578159628777
7498942.093324558,47117242.78016739,1.2999999999998092e-09,2.5298665214354123e-16,6.849227282579987e-08,4.92042825586932e-11,6.979227282579967e-08,4.920453554534534e-11,0.0009629629629628217,1.8739752010632684e-10,0.050735016907999905,3.644761671014311e-05,0.051697979870962724,3.644780410766322e-05,0.09469797987096272,0.03339545569246618
10000000.0,62831853.071795866,1.2999999999998917e-09,1.8971322548095074e-16,6.849886814009725e-08,4.2609313453626714e-11,6.979886814009713e-08,4.26095031668522e-11,0.0009629629629628828,1.4052831517107462e-10,0.05073990232599796,3.156245441009386e-05,0.05170286528896084,3.156259493840904e-05,0.09470286528896084,0.044516514569769884
13335214.32163324,83787622.69377677,1.2999999999999378e-09,1.4226484922199146e-16,6.850457944698312e-08,3.689826542826953e-11,6.980457944698306e-08,3.689840769311875e-11,0.0009629629629629169,1.0538136979406776e-10,0.050744132923691204,2.7332048465384838e-05,0.05170709588665412,2.733215384675463e-05,0.09470709588665412,0.05934896902104071
17782794.100389227,111732590.61216542,1.2999999999999664e-09,1.0668358662314506e-16,6.850952523498647e-08,3.195267154332654e-11,6.980952523498643e-08,3.1952778226913166e-11,0.0009629629629629381,7.902487898010745e-11,0.05074779647036035,2.3668645587649292e-05,0.05171075943332329,2.3668724612528272e-05,0.09471075943332329,0.07913034287802564
23713737.056616552,148997804.2524532,1.2999999999999817e-09,8.000140383952183e-17,6.851380811094933e-08,2.766994114969914e-11,6.981380811094931e-08,2.7670021151102978e-11,0.0009629629629629494,5.926029914038654e-11,0.05075096897107358,2.0496252703480843e-05,0.051713931934036526,2.0496311963779985e-05,0.09471393193403652,0.10551094172270066
31622776.60168379,198691765.315922,1.2999999999999895e-09,5.999258947772795e-17,6.851751692873533e-08,2.396123252596979e-11,6.981751692873532e-08,2.3961292518559267e-11,0.0009629629629629553,4.443895516868737e-11,0.050753716243507656,1.7749061130347992e-05,0.05171667920647061,1.7749105569303163e-05,0.09471667920647062,0.1406915189492421
42169650.342858225,264959727.4431474,1.2999999999999943e-09,4.498809545220886e-17,6.852072863261975e-08,2.074961050160764e-11,6.982072863261974e-08,2.0749655489703092e-11,0.0009629629629629588,3.3324515149784343e-11,0.050756095283422044,1.5370081853042695e-05,0.051719058246385,1.5370115177557846e-05,0.09471905824638499,0.18760685714492592
56234132.51903491,353329475.2055899,1.2999999999999972e-09,3.373631226850778e-17,6.852350985360136e-08,1.7968450906842213e-11,6.982350985360135e-08,1.7968484643154482e-11,0.0009629629629629609,2.4989860939635396e-11,0.050758155447112124,1.3309963634697937e-05,0.05172111841007508,1.3309988624558876e-05,0.09472111841007508,0.25017057843418217
74989420.93324558,471172427.80167395,1.2999999999999986e-09,2.5298665214385702e-17,6.852591829174682e-08,1.5560058795024597e-11,6.982591829174683e-08,1.556008409368981e-11,0.000962962962962962,1.8739752010656077e-11,0.05075993947536802,1.1525969477795998e-05,0.051722902438330984,1.1525988217548008e-05,0.09472290243833098,0.33360160487180274
100000000.0,628318530.7179586,1.2999999999999994e-09,1.8971322548108383e-17,6.852800391325592e-08,1.3474471806382751e-11,6.982800391325592e-08,1.3474490777705299e-11,0.0009629629629629626,1.405283151711732e-11,0.05076148438018957,9.981090226950187e-06,0.05172444734315254,9.981104279781704e-06,0.09472444734315254,0.4448595008525945
133352143.2163324,837876226.9377677,1.2999999999999999e-09,1.422648492220478e-17,6.852980998707493e-08,1.1668423874151121e-11,6.982980998707494e-08,1.1668438100636044e-11,0.0009629629629629629,1.053813697941095e-11,0.0507628222126481,8.643276943815645e-06,0.051725785175611064,8.643287481952626e-06,0.09472578517561106,0.5932250119594216
177827941.00389227,1117325906.1216543,1.3000000000000003e-09,1.0668358662316863e-17,6.85313739825678e-08,1.0104447793875209e-11,6.98313739825678e-08,1.0104458462233871e-11,0.0009629629629629632,7.902487898012492e-12,0.050763980727828,7.484776143611266e-06,0.05172694369079097,7.4847840460991645e-06,0.09472694369079096,0.7910742263181774
237137370.56616554,1489978042.524532,1.3000000000000005e-09,8.000140383953176e-18,6.853272834686637e-08,8.750098052567723e-12,6.983272834686638e-08,8.750106052708107e-12,0.0009629629629629634,5.926029914039391e-12,0.05076498396064176,6.481554113013128e-06,0.051727946923604724,6.481560039043043e-06,0.09472794692360473,1.0549109356674078
316227766.01683795,1986917653.1592202,1.3000000000000005e-09,5.999258947773217e-18,6.853390117802974e-08,7.577277805579267e-12,6.983390117802974e-08,7.577283804838215e-12,0.0009629629629629634,4.44389551686905e-12,0.05076585272446647,5.612798374503161e-06,0.051728815687429444,5.612802818398679e-06,0.09472881568742944,1.4067433112395462
421696503.42858225,2649597274.431474,1.3000000000000007e-09,4.4988095452210595e-18,6.853491680797467e-08,6.5616560469017965e-12,6.983491680797467e-08,6.561660545711342e-12,0.0009629629629629635,3.3324515149785628e-12,0.0507666050429442,4.8604859606679975e-06,0.05172956800590717,4.8604892931195124e-06,0.09472956800590716,1.875919730786777
562341325.1903491,3533294752.055899,1.3000000000000009e-09,3.3736312268508533e-18,6.853579630727274e-08,5.682162887688513e-12,6.983579630727275e-08,5.6821662613197406e-12,0.0009629629629629636,2.498986093963595e-12,0.05076725652390574,4.209009546435936e-06,0.051730219486868706,4.20901204542203e-06,0.0947302194868687,2.501576893467622
749894209.3324559,4711724278.01674,1.3000000000000009e-09,2.5298665214386025e-18,6.85365579222869e-08,4.920552476642576e-12,6.98365579222869e-08,4.920555006509098e-12,0.0009629629629629636,1.8739752010656317e-12,0.05076782068317548,3.6448536864019086e-06,0.05173078364613845,3.64485556037711e-06,0.09473078364613845,3.3359044336914123
1000000000.0,6283185307.179586,1.3000000000000007e-09,1.8971322548108526e-18,6.853721745371749e-08,4.26102449805612e-12,6.98372174537175e-08,4.261026395188375e-12,0.0009629629629629635,1.4052831517117427e-12,0.050768309224975924,3.1563144430045335e-06,0.05173127218793889,3.156315848287685e-06,0.09473127218793889,4.448498353798996
