plug pore throat radius [µm];plug dV/dlog(d) [cc/g];WK2 pore throat radius [µm];WK2 dV/dlog(d) [cc/g];WK3 pore throat radius [µm];WK3 dV/dlog(d) [cc/g];WK7 pore throat radius [µm];WK7 dV/dlog(d) [cc/g]*
1.795E-03;3.002E-07;1.785E-03;0.000E+00;1.788E-03;0.000E+00;1.784E-03;0.000E+00
1.806E-03;2.573E-07;1.801E-03;0.000E+00;1.804E-03;0.000E+00;1.802E-03;0.000E+00
1.817E-03;2.252E-07;1.812E-03;0.000E+00;1.815E-03;0.000E+00;1.815E-03;0.000E+00
1.827E-03;2.002E-07;1.822E-03;0.000E+00;1.825E-03;0.000E+00;1.826E-03;0.000E+00
1.838E-03;1.801E-07;1.833E-03;0.000E+00;1.835E-03;0.000E+00;1.838E-03;0.000E+00
1.849E-03;1.638E-07;1.843E-03;0.000E+00;1.845E-03;0.000E+00;1.849E-03;0.000E+00
1.860E-03;1.324E-07;1.854E-03;0.000E+00;1.856E-03;0.000E+00;1.862E-03;0.000E+00
1.871E-03;9.945E-08;1.864E-03;0.000E+00;1.866E-03;0.000E+00;1.873E-03;0.000E+00
1.882E-03;6.623E-08;1.874E-03;0.000E+00;1.876E-03;0.000E+00;1.885E-03;0.000E+00
1.894E-03;3.309E-08;1.884E-03;0.000E+00;1.886E-03;0.000E+00;1.896E-03;0.000E+00
1.905E-03;0.000E+00;1.895E-03;0.000E+00;1.896E-03;0.000E+00;1.908E-03;0.000E+00
1.917E-03;0.000E+00;1.905E-03;0.000E+00;1.906E-03;0.000E+00;1.920E-03;0.000E+00
1.929E-03;0.000E+00;1.916E-03;0.000E+00;1.917E-03;0.000E+00;1.932E-03;0.000E+00
1.940E-03;0.000E+00;1.926E-03;0.000E+00;1.927E-03;0.000E+00;1.944E-03;0.000E+00
1.953E-03;0.000E+00;1.937E-03;0.000E+00;1.938E-03;0.000E+00;1.956E-03;0.000E+00
1.965E-03;0.000E+00;1.948E-03;0.000E+00;1.949E-03;0.000E+00;1.969E-03;0.000E+00
1.977E-03;0.000E+00;1.959E-03;0.000E+00;1.960E-03;0.000E+00;1.981E-03;0.000E+00
1.990E-03;0.000E+00;1.970E-03;0.000E+00;1.971E-03;0.000E+00;1.994E-03;0.000E+00
2.002E-03;0.000E+00;1.981E-03;0.000E+00;1.981E-03;0.000E+00;2.006E-03;0.000E+00
2.015E-03;0.000E+00;1.992E-03;0.000E+00;1.993E-03;0.000E+00;2.019E-03;0.000E+00
2.028E-03;0.000E+00;2.003E-03;0.000E+00;2.004E-03;0.000E+00;2.032E-03;0.000E+00
2.041E-03;0.000E+00;2.014E-03;0.000E+00;2.015E-03;0.000E+00;2.045E-03;0.000E+00
2.054E-03;0.000E+00;2.026E-03;0.000E+00;2.026E-03;0.000E+00;2.058E-03;0.000E+00
2.067E-03;0.000E+00;2.037E-03;0.000E+00;2.037E-03;0.000E+00;2.072E-03;0.000E+00
2.081E-03;0.000E+00;2.049E-03;0.000E+00;2.049E-03;0.000E+00;2.085E-03;0.000E+00
2.094E-03;0.000E+00;2.061E-03;0.000E+00;2.060E-03;0.000E+00;2.099E-03;0.000E+00
2.107E-03;0.000E+00;2.073E-03;0.000E+00;2.072E-03;0.000E+00;2.112E-03;0.000E+00
2.121E-03;0.000E+00;2.085E-03;0.000E+00;2.084E-03;0.000E+00;2.126E-03;0.000E+00
2.135E-03;0.000E+00;2.097E-03;0.000E+00;2.095E-03;0.000E+00;2.140E-03;0.000E+00
2.149E-03;0.000E+00;2.109E-03;0.000E+00;2.107E-03;0.000E+00;2.155E-03;0.000E+00
2.163E-03;0.000E+00;2.121E-03;0.000E+00;2.119E-03;0.000E+00;2.169E-03;0.000E+00
2.177E-03;0.000E+00;2.134E-03;0.000E+00;2.131E-03;0.000E+00;2.183E-03;0.000E+00
2.191E-03;0.000E+00;2.146E-03;0.000E+00;2.144E-03;0.000E+00;2.198E-03;0.000E+00
2.205E-03;0.000E+00;2.159E-03;0.000E+00;2.156E-03;0.000E+00;2.213E-03;0.000E+00
2.219E-03;0.000E+00;2.171E-03;0.000E+00;2.168E-03;0.000E+00;2.228E-03;0.000E+00
2.233E-03;0.000E+00;2.184E-03;0.000E+00;2.181E-03;0.000E+00;2.243E-03;0.000E+00
2.247E-03;0.000E+00;2.197E-03;0.000E+00;2.194E-03;0.000E+00;2.258E-03;0.000E+00
2.262E-03;0.000E+00;2.210E-03;0.000E+00;2.207E-03;0.000E+00;2.273E-03;0.000E+00
2.276E-03;0.000E+00;2.223E-03;0.000E+00;2.220E-03;0.000E+00;2.289E-03;0.000E+00
2.289E-03;0.000E+00;2.237E-03;0.000E+00;2.233E-03;0.000E+00;2.304E-03;0.000E+00
2.303E-03;0.000E+00;2.250E-03;0.000E+00;2.246E-03;0.000E+00;2.320E-03;0.000E+00
2.317E-03;0.000E+00;2.264E-03;0.000E+00;2.260E-03;0.000E+00;2.336E-03;0.000E+00
2.331E-03;0.000E+00;2.277E-03;0.000E+00;2.273E-03;0.000E+00;2.353E-03;0.000E+00
2.344E-03;0.000E+00;2.291E-03;0.000E+00;2.287E-03;0.000E+00;2.369E-03;0.000E+00
2.358E-03;0.000E+00;2.305E-03;0.000E+00;2.301E-03;0.000E+00;2.385E-03;0.000E+00
2.372E-03;0.000E+00;2.319E-03;0.000E+00;2.315E-03;0.000E+00;2.402E-03;0.000E+00
2.385E-03;0.000E+00;2.333E-03;0.000E+00;2.329E-03;0.000E+00;2.419E-03;0.000E+00
2.399E-03;0.000E+00;2.348E-03;0.000E+00;2.343E-03;0.000E+00;2.436E-03;0.000E+00
2.413E-03;0.000E+00;2.362E-03;0.000E+00;2.357E-03;0.000E+00;2.454E-03;0.000E+00
2.427E-03;0.000E+00;2.377E-03;0.000E+00;2.372E-03;0.000E+00;2.471E-03;0.000E+00
2.440E-03;0.000E+00;2.392E-03;0.000E+00;2.386E-03;0.000E+00;2.489E-03;0.000E+00
2.454E-03;0.000E+00;2.407E-03;0.000E+00;2.401E-03;0.000E+00;2.507E-03;0.000E+00
2.468E-03;0.000E+00;2.422E-03;0.000E+00;2.416E-03;0.000E+00;2.525E-03;0.000E+00
2.482E-03;0.000E+00;2.437E-03;0.000E+00;2.431E-03;0.000E+00;2.543E-03;0.000E+00
2.496E-03;0.000E+00;2.452E-03;0.000E+00;2.446E-03;0.000E+00;2.562E-03;0.000E+00
2.510E-03;0.000E+00;2.468E-03;0.000E+00;2.462E-03;0.000E+00;2.581E-03;0.000E+00
2.524E-03;0.000E+00;2.483E-03;0.000E+00;2.477E-03;0.000E+00;2.600E-03;0.000E+00
2.537E-03;0.000E+00;2.499E-03;0.000E+00;2.493E-03;0.000E+00;2.619E-03;0.000E+00
2.551E-03;0.000E+00;2.515E-03;0.000E+00;2.508E-03;0.000E+00;2.639E-03;0.000E+00
2.565E-03;0.000E+00;2.531E-03;0.000E+00;2.524E-03;0.000E+00;2.658E-03;0.000E+00
2.580E-03;0.000E+00;2.547E-03;0.000E+00;2.540E-03;0.000E+00;2.678E-03;0.000E+00
2.594E-03;0.000E+00;2.563E-03;0.000E+00;2.556E-03;0.000E+00;2.698E-03;0.000E+00
2.608E-03;0.000E+00;2.580E-03;0.000E+00;2.572E-03;0.000E+00;2.719E-03;0.000E+00
2.622E-03;0.000E+00;2.596E-03;0.000E+00;2.589E-03;0.000E+00;2.739E-03;0.000E+00
2.637E-03;0.000E+00;2.613E-03;0.000E+00;2.605E-03;0.000E+00;2.760E-03;0.000E+00
2.651E-03;0.000E+00;2.630E-03;0.000E+00;2.622E-03;0.000E+00;2.781E-03;0.000E+00
2.666E-03;0.000E+00;2.647E-03;0.000E+00;2.639E-03;0.000E+00;2.802E-03;0.000E+00
2.681E-03;0.000E+00;2.664E-03;0.000E+00;2.656E-03;0.000E+00;2.824E-03;0.000E+00
2.696E-03;0.000E+00;2.681E-03;0.000E+00;2.674E-03;0.000E+00;2.845E-03;0.000E+00
2.712E-03;0.000E+00;2.699E-03;0.000E+00;2.691E-03;0.000E+00;2.867E-03;0.000E+00
2.727E-03;0.000E+00;2.717E-03;0.000E+00;2.709E-03;0.000E+00;2.889E-03;0.000E+00
2.743E-03;0.000E+00;2.735E-03;0.000E+00;2.727E-03;0.000E+00;2.911E-03;0.000E+00
2.759E-03;0.000E+00;2.753E-03;0.000E+00;2.745E-03;0.000E+00;2.933E-03;0.000E+00
2.775E-03;0.000E+00;2.771E-03;0.000E+00;2.763E-03;0.000E+00;2.955E-03;0.000E+00
2.791E-03;0.000E+00;2.789E-03;0.000E+00;2.782E-03;0.000E+00;2.978E-03;0.000E+00
2.807E-03;0.000E+00;2.808E-03;0.000E+00;2.801E-03;0.000E+00;3.001E-03;0.000E+00
2.824E-03;0.000E+00;2.827E-03;0.000E+00;2.819E-03;0.000E+00;3.024E-03;0.000E+00
2.840E-03;0.000E+00;2.846E-03;0.000E+00;2.839E-03;0.000E+00;3.047E-03;0.000E+00
2.857E-03;0.000E+00;2.866E-03;0.000E+00;2.858E-03;0.000E+00;3.070E-03;0.000E+00
2.874E-03;0.000E+00;2.886E-03;0.000E+00;2.877E-03;0.000E+00;3.094E-03;0.000E+00
2.891E-03;0.000E+00;2.906E-03;0.000E+00;2.897E-03;0.000E+00;3.118E-03;0.000E+00
2.909E-03;0.000E+00;2.926E-03;0.000E+00;2.917E-03;0.000E+00;3.142E-03;0.000E+00
2.926E-03;0.000E+00;2.946E-03;0.000E+00;2.937E-03;0.000E+00;3.167E-03;0.000E+00
2.944E-03;0.000E+00;2.967E-03;0.000E+00;2.957E-03;0.000E+00;3.192E-03;0.000E+00
2.962E-03;0.000E+00;2.987E-03;0.000E+00;2.977E-03;0.000E+00;3.217E-03;0.000E+00
2.980E-03;0.000E+00;3.008E-03;0.000E+00;2.998E-03;0.000E+00;3.243E-03;0.000E+00
2.998E-03;0.000E+00;3.029E-03;0.000E+00;3.019E-03;0.000E+00;3.269E-03;0.000E+00
3.016E-03;0.000E+00;3.051E-03;0.000E+00;3.040E-03;0.000E+00;3.296E-03;0.000E+00
3.035E-03;0.000E+00;3.072E-03;0.000E+00;3.062E-03;0.000E+00;3.322E-03;0.000E+00
3.053E-03;0.000E+00;3.094E-03;0.000E+00;3.083E-03;0.000E+00;3.349E-03;0.000E+00
3.072E-03;0.000E+00;3.116E-03;0.000E+00;3.105E-03;0.000E+00;3.376E-03;0.000E+00
3.091E-03;0.000E+00;3.138E-03;0.000E+00;3.128E-03;0.000E+00;3.403E-03;0.000E+00
3.110E-03;0.000E+00;3.160E-03;0.000E+00;3.150E-03;0.000E+00;3.430E-03;0.000E+00
3.130E-03;0.000E+00;3.183E-03;0.000E+00;3.173E-03;0.000E+00;3.458E-03;0.000E+00
3.149E-03;0.000E+00;3.206E-03;0.000E+00;3.196E-03;0.000E+00;3.485E-03;0.000E+00
3.169E-03;0.000E+00;3.229E-03;0.000E+00;3.220E-03;0.000E+00;3.512E-03;0.000E+00
3.188E-03;0.000E+00;3.252E-03;0.000E+00;3.244E-03;0.000E+00;3.540E-03;0.000E+00
3.208E-03;0.000E+00;3.276E-03;0.000E+00;3.268E-03;0.000E+00;3.568E-03;0.000E+00
3.229E-03;0.000E+00;3.300E-03;0.000E+00;3.292E-03;0.000E+00;3.597E-03;0.000E+00
3.249E-03;0.000E+00;3.325E-03;0.000E+00;3.316E-03;0.000E+00;3.626E-03;0.000E+00
3.270E-03;0.000E+00;3.350E-03;0.000E+00;3.341E-03;0.000E+00;3.656E-03;0.000E+00
3.290E-03;0.000E+00;3.375E-03;0.000E+00;3.366E-03;0.000E+00;3.686E-03;0.000E+00
3.311E-03;0.000E+00;3.401E-03;0.000E+00;3.392E-03;0.000E+00;3.717E-03;0.000E+00
3.332E-03;0.000E+00;3.427E-03;0.000E+00;3.418E-03;0.000E+00;3.748E-03;0.000E+00
3.354E-03;0.000E+00;3.453E-03;0.000E+00;3.444E-03;0.000E+00;3.780E-03;0.000E+00
3.375E-03;0.000E+00;3.480E-03;0.000E+00;3.470E-03;0.000E+00;3.812E-03;0.000E+00
3.397E-03;0.000E+00;3.507E-03;0.000E+00;3.497E-03;0.000E+00;3.844E-03;0.000E+00
3.419E-03;0.000E+00;3.535E-03;0.000E+00;3.524E-03;0.000E+00;3.876E-03;0.000E+00
3.441E-03;0.000E+00;3.563E-03;0.000E+00;3.552E-03;0.000E+00;3.909E-03;0.000E+00
3.463E-03;0.000E+00;3.591E-03;0.000E+00;3.580E-03;0.000E+00;3.941E-03;0.000E+00
3.486E-03;0.000E+00;3.620E-03;0.000E+00;3.608E-03;0.000E+00;3.973E-03;0.000E+00
3.508E-03;0.000E+00;3.649E-03;9.262E-06;3.637E-03;0.000E+00;4.005E-03;0.000E+00
3.531E-03;0.000E+00;3.678E-03;3.860E-05;3.666E-03;0.000E+00;4.037E-03;0.000E+00
3.554E-03;0.000E+00;3.708E-03;9.702E-05;3.696E-03;0.000E+00;4.068E-03;0.000E+00
3.578E-03;0.000E+00;3.738E-03;1.841E-04;3.726E-03;0.000E+00;4.100E-03;0.000E+00
3.601E-03;0.000E+00;3.769E-03;3.004E-04;3.756E-03;0.000E+00;4.132E-03;0.000E+00
3.625E-03;0.000E+00;3.799E-03;4.349E-04;3.787E-03;0.000E+00;4.164E-03;0.000E+00
3.649E-03;0.000E+00;3.831E-03;5.883E-04;3.818E-03;0.000E+00;4.197E-03;0.000E+00
3.673E-03;0.000E+00;3.863E-03;7.691E-04;3.849E-03;0.000E+00;4.230E-03;0.000E+00
3.698E-03;0.000E+00;3.895E-03;9.771E-04;3.881E-03;0.000E+00;4.263E-03;0.000E+00
3.723E-03;0.000E+00;3.927E-03;1.212E-03;3.913E-03;0.000E+00;4.297E-03;0.000E+00
3.748E-03;0.000E+00;3.960E-03;1.483E-03;3.946E-03;0.000E+00;4.332E-03;0.000E+00
3.774E-03;0.000E+00;3.994E-03;1.744E-03;3.979E-03;0.000E+00;4.367E-03;0.000E+00
3.799E-03;0.000E+00;4.028E-03;1.964E-03;4.012E-03;0.000E+00;4.403E-03;0.000E+00
3.826E-03;0.000E+00;4.063E-03;2.127E-03;4.045E-03;0.000E+00;4.440E-03;0.000E+00
3.852E-03;0.000E+00;4.098E-03;2.232E-03;4.079E-03;0.000E+00;4.477E-03;0.000E+00
3.879E-03;0.000E+00;4.133E-03;2.279E-03;4.114E-03;0.000E+00;4.515E-03;0.000E+00
3.906E-03;0.000E+00;4.169E-03;2.290E-03;4.149E-03;0.000E+00;4.553E-03;0.000E+00
3.933E-03;0.000E+00;4.206E-03;2.262E-03;4.184E-03;0.000E+00;4.591E-03;0.000E+00
3.960E-03;0.000E+00;4.243E-03;2.180E-03;4.219E-03;0.000E+00;4.630E-03;0.000E+00
3.988E-03;0.000E+00;4.281E-03;2.052E-03;4.256E-03;0.000E+00;4.668E-03;0.000E+00
4.016E-03;0.000E+00;4.319E-03;1.871E-03;4.292E-03;0.000E+00;4.707E-03;0.000E+00
4.045E-03;0.000E+00;4.357E-03;1.627E-03;4.330E-03;0.000E+00;4.747E-03;0.000E+00
4.073E-03;0.000E+00;4.397E-03;1.392E-03;4.368E-03;0.000E+00;4.786E-03;0.000E+00
4.102E-03;0.000E+00;4.437E-03;1.186E-03;4.406E-03;0.000E+00;4.826E-03;0.000E+00
4.131E-03;0.000E+00;4.477E-03;1.017E-03;4.445E-03;1.141E-05;4.865E-03;0.000E+00
4.161E-03;0.000E+00;4.518E-03;8.848E-04;4.485E-03;2.283E-05;4.904E-03;0.000E+00
4.190E-03;0.000E+00;4.560E-03;7.984E-04;4.526E-03;4.555E-05;4.944E-03;0.000E+00
4.219E-03;0.000E+00;4.602E-03;7.643E-04;4.567E-03;6.813E-05;4.983E-03;0.000E+00
4.249E-03;0.000E+00;4.645E-03;7.825E-04;4.609E-03;1.008E-04;5.025E-03;0.000E+00
4.278E-03;0.000E+00;4.689E-03;8.694E-04;4.651E-03;1.334E-04;5.060E-03;0.000E+00
4.307E-03;0.000E+00;4.733E-03;9.810E-04;4.694E-03;1.657E-04;5.100E-03;0.000E+00
4.336E-03;0.000E+00;4.778E-03;1.135E-03;4.738E-03;1.979E-04;5.140E-03;0.000E+00
4.364E-03;0.000E+00;4.823E-03;1.315E-03;4.783E-03;2.408E-04;5.180E-03;0.000E+00
4.392E-03;0.000E+00;4.870E-03;1.479E-03;4.828E-03;2.835E-04;5.215E-03;0.000E+00
4.419E-03;0.000E+00;4.917E-03;1.644E-03;4.874E-03;3.476E-04;5.255E-03;0.000E+00
4.446E-03;0.000E+00;4.964E-03;1.809E-03;4.920E-03;3.988E-04;5.290E-03;0.000E+00
4.472E-03;0.000E+00;5.015E-03;1.986E-03;4.967E-03;4.604E-04;5.330E-03;0.000E+00
4.499E-03;0.000E+00;5.060E-03;2.140E-03;5.015E-03;4.999E-04;5.370E-03;0.000E+00
4.525E-03;0.000E+00;5.110E-03;2.231E-03;5.065E-03;5.609E-04;5.405E-03;0.000E+00
4.551E-03;0.000E+00;5.160E-03;2.258E-03;5.115E-03;6.023E-04;5.445E-03;0.000E+00
4.576E-03;0.000E+00;5.215E-03;2.202E-03;5.165E-03;6.648E-04;5.485E-03;0.000E+00
4.602E-03;0.000E+00;5.265E-03;2.136E-03;5.215E-03;7.503E-04;5.525E-03;0.000E+00
4.628E-03;0.000E+00;5.315E-03;2.058E-03;5.265E-03;8.585E-04;5.565E-03;0.000E+00
4.654E-03;0.000E+00;5.365E-03;1.997E-03;5.320E-03;9.582E-04;5.605E-03;0.000E+00
4.680E-03;0.000E+00;5.415E-03;1.960E-03;5.370E-03;1.061E-03;5.650E-03;0.000E+00
4.707E-03;0.000E+00;5.465E-03;1.908E-03;5.425E-03;1.123E-03;5.690E-03;0.000E+00
4.733E-03;0.000E+00;5.510E-03;1.843E-03;5.480E-03;1.180E-03;5.730E-03;0.000E+00
4.760E-03;0.000E+00;5.560E-03;1.752E-03;5.535E-03;1.219E-03;5.775E-03;0.000E+00
4.787E-03;0.000E+00;5.605E-03;1.670E-03;5.585E-03;1.272E-03;5.815E-03;0.000E+00
4.814E-03;1.986E-05;5.650E-03;1.661E-03;5.640E-03;1.282E-03;5.860E-03;0.000E+00
4.842E-03;3.969E-05;5.690E-03;1.712E-03;5.690E-03;1.304E-03;5.900E-03;0.000E+00
4.869E-03;5.930E-05;5.730E-03;1.832E-03;5.745E-03;1.282E-03;5.940E-03;0.000E+00
4.898E-03;7.885E-05;5.770E-03;1.987E-03;5.795E-03;1.208E-03;5.985E-03;0.000E+00
4.926E-03;9.825E-05;5.810E-03;2.125E-03;5.845E-03;1.084E-03;6.025E-03;0.000E+00
4.955E-03;1.177E-04;5.850E-03;2.247E-03;5.890E-03;9.413E-04;6.070E-03;0.000E+00
4.983E-03;1.372E-04;5.885E-03;2.355E-03;5.935E-03;7.956E-04;6.110E-03;0.000E+00
5.010E-03;1.567E-04;5.925E-03;2.494E-03;5.980E-03;6.694E-04;6.155E-03;0.000E+00
5.040E-03;1.763E-04;5.960E-03;2.650E-03;6.025E-03;5.500E-04;6.195E-03;0.000E+00
5.070E-03;1.960E-04;5.995E-03;2.798E-03;6.065E-03;4.384E-04;6.240E-03;0.000E+00
5.100E-03;2.156E-04;6.035E-03;2.953E-03;6.105E-03;3.225E-04;6.285E-03;0.000E+00
5.135E-03;1.957E-04;6.070E-03;3.053E-03;6.145E-03;2.297E-04;6.330E-03;0.000E+00
5.165E-03;1.759E-04;6.105E-03;3.121E-03;6.185E-03;1.327E-04;6.375E-03;0.000E+00
5.195E-03;1.563E-04;6.145E-03;3.161E-03;6.220E-03;6.042E-05;6.420E-03;0.000E+00
5.225E-03;1.368E-04;6.180E-03;3.144E-03;6.260E-03;1.590E-05;6.465E-03;0.000E+00
5.255E-03;1.173E-04;6.220E-03;3.169E-03;6.295E-03;0.000E+00;6.515E-03;0.000E+00
5.285E-03;9.791E-05;6.255E-03;3.180E-03;6.335E-03;0.000E+00;6.560E-03;0.000E+00
5.320E-03;7.843E-05;6.295E-03;3.177E-03;6.370E-03;0.000E+00;6.610E-03;0.000E+00
5.350E-03;5.886E-05;6.335E-03;3.121E-03;6.405E-03;1.838E-05;6.655E-03;0.000E+00
5.380E-03;3.926E-05;6.375E-03;3.055E-03;6.440E-03;3.683E-05;6.705E-03;0.000E+00
5.410E-03;1.962E-05;6.415E-03;3.017E-03;6.480E-03;5.520E-05;6.750E-03;0.000E+00
5.445E-03;0.000E+00;6.450E-03;2.969E-03;6.515E-03;7.349E-05;6.800E-03;0.000E+00
5.475E-03;0.000E+00;6.490E-03;2.921E-03;6.555E-03;9.169E-05;6.845E-03;0.000E+00
5.510E-03;0.000E+00;6.530E-03;2.851E-03;6.590E-03;1.098E-04;6.895E-03;0.000E+00
5.540E-03;0.000E+00;6.570E-03;2.752E-03;6.630E-03;1.277E-04;6.940E-03;0.000E+00
5.575E-03;0.000E+00;6.610E-03;2.666E-03;6.665E-03;1.457E-04;6.990E-03;0.000E+00
5.605E-03;0.000E+00;6.650E-03;2.509E-03;6.705E-03;1.636E-04;7.035E-03;0.000E+00
5.640E-03;0.000E+00;6.690E-03;2.351E-03;6.745E-03;1.814E-04;7.080E-03;0.000E+00
5.670E-03;0.000E+00;6.730E-03;2.192E-03;6.785E-03;2.155E-04;7.130E-03;0.000E+00
5.705E-03;0.000E+00;6.770E-03;2.045E-03;6.825E-03;2.310E-04;7.180E-03;0.000E+00
5.740E-03;0.000E+00;6.810E-03;1.870E-03;6.865E-03;2.463E-04;7.230E-03;0.000E+00
5.775E-03;0.000E+00;6.850E-03;1.668E-03;6.905E-03;2.966E-04;7.280E-03;0.000E+00
5.805E-03;0.000E+00;6.895E-03;1.451E-03;6.945E-03;3.469E-04;7.330E-03;0.000E+00
5.840E-03;0.000E+00;6.935E-03;1.259E-03;6.985E-03;4.652E-04;7.380E-03;0.000E+00
5.875E-03;0.000E+00;6.975E-03;1.120E-03;7.030E-03;6.336E-04;7.430E-03;0.000E+00
5.915E-03;0.000E+00;7.020E-03;1.046E-03;7.070E-03;8.190E-04;7.485E-03;0.000E+00
5.950E-03;0.000E+00;7.060E-03;1.026E-03;7.115E-03;1.036E-03;7.535E-03;0.000E+00
5.985E-03;0.000E+00;7.105E-03;1.098E-03;7.155E-03;1.303E-03;7.590E-03;0.000E+00
6.020E-03;0.000E+00;7.150E-03;1.262E-03;7.200E-03;1.636E-03;7.645E-03;0.000E+00
6.060E-03;0.000E+00;7.195E-03;1.490E-03;7.245E-03;1.969E-03;7.700E-03;0.000E+00
6.095E-03;0.000E+00;7.240E-03;1.782E-03;7.290E-03;2.300E-03;7.755E-03;0.000E+00
6.135E-03;0.000E+00;7.285E-03;2.125E-03;7.335E-03;2.679E-03;7.815E-03;0.000E+00
6.175E-03;0.000E+00;7.330E-03;2.479E-03;7.380E-03;3.038E-03;7.870E-03;0.000E+00
6.210E-03;0.000E+00;7.375E-03;2.845E-03;7.425E-03;3.426E-03;7.930E-03;0.000E+00
6.250E-03;0.000E+00;7.420E-03;3.184E-03;7.470E-03;3.680E-03;7.985E-03;0.000E+00
6.290E-03;0.000E+00;7.470E-03;3.482E-03;7.515E-03;3.833E-03;8.045E-03;0.000E+00
6.330E-03;0.000E+00;7.515E-03;3.702E-03;7.565E-03;3.968E-03;8.110E-03;0.000E+00
6.370E-03;3.591E-05;7.565E-03;3.845E-03;7.610E-03;4.039E-03;8.170E-03;0.000E+00
6.410E-03;7.166E-05;7.610E-03;3.885E-03;7.660E-03;4.043E-03;8.230E-03;0.000E+00
6.450E-03;1.414E-04;7.660E-03;3.773E-03;7.710E-03;3.917E-03;8.295E-03;0.000E+00
6.495E-03;2.624E-04;7.710E-03;3.572E-03;7.755E-03;3.740E-03;8.360E-03;0.000E+00
6.535E-03;3.828E-04;7.760E-03;3.320E-03;7.805E-03;3.551E-03;8.425E-03;0.000E+00
6.575E-03;5.026E-04;7.810E-03;3.069E-03;7.855E-03;3.263E-03;8.495E-03;0.000E+00
6.620E-03;6.218E-04;7.860E-03;2.855E-03;7.910E-03;2.915E-03;8.560E-03;0.000E+00
6.665E-03;7.405E-04;7.915E-03;2.677E-03;7.960E-03;2.536E-03;8.630E-03;0.000E+00
6.705E-03;8.587E-04;7.965E-03;2.536E-03;8.010E-03;2.240E-03;8.700E-03;0.000E+00
6.750E-03;9.765E-04;8.020E-03;2.445E-03;8.065E-03;2.025E-03;8.770E-03;0.000E+00
6.795E-03;1.094E-03;8.070E-03;2.440E-03;8.115E-03;1.795E-03;8.840E-03;0.000E+00
6.840E-03;1.140E-03;8.125E-03;2.507E-03;8.170E-03;1.659E-03;8.910E-03;0.000E+00
6.885E-03;1.187E-03;8.180E-03;2.660E-03;8.225E-03;1.507E-03;8.985E-03;0.000E+00
6.930E-03;1.166E-03;8.235E-03;2.909E-03;8.280E-03;1.449E-03;9.055E-03;0.000E+00
6.980E-03;1.045E-03;8.295E-03;3.217E-03;8.335E-03;1.424E-03;9.130E-03;0.000E+00
7.025E-03;9.248E-04;8.350E-03;3.512E-03;8.390E-03;1.474E-03;9.205E-03;0.000E+00
7.070E-03;8.050E-04;8.405E-03;3.771E-03;8.450E-03;1.617E-03;9.280E-03;0.000E+00
7.120E-03;6.858E-04;8.465E-03;3.979E-03;8.505E-03;1.865E-03;9.355E-03;0.000E+00
7.170E-03;5.671E-04;8.525E-03;4.152E-03;8.565E-03;2.098E-03;9.435E-03;0.000E+00
7.220E-03;4.488E-04;8.585E-03;4.299E-03;8.620E-03;2.314E-03;9.510E-03;0.000E+00
7.270E-03;3.311E-04;8.645E-03;4.399E-03;8.680E-03;2.468E-03;9.590E-03;0.000E+00
7.320E-03;2.139E-04;8.705E-03;4.451E-03;8.740E-03;2.724E-03;9.670E-03;0.000E+00
7.370E-03;1.314E-04;8.765E-03;4.479E-03;8.805E-03;2.874E-03;9.755E-03;0.000E+00
7.420E-03;4.924E-05;8.825E-03;4.457E-03;8.865E-03;3.069E-03;9.835E-03;0.000E+00
7.475E-03;0.000E+00;8.890E-03;4.402E-03;8.925E-03;3.218E-03;9.920E-03;0.000E+00
7.525E-03;0.000E+00;8.955E-03;4.312E-03;8.990E-03;3.396E-03;1.001E-02;0.000E+00
7.580E-03;0.000E+00;9.020E-03;4.201E-03;9.055E-03;3.455E-03;1.010E-02;0.000E+00
7.635E-03;0.000E+00;9.085E-03;4.068E-03;9.120E-03;3.428E-03;1.019E-02;0.000E+00
7.690E-03;1.596E-05;9.150E-03;3.915E-03;9.185E-03;3.284E-03;1.028E-02;0.000E+00
7.745E-03;3.188E-05;9.215E-03;3.720E-03;9.250E-03;3.182E-03;1.037E-02;0.000E+00
7.800E-03;6.375E-05;9.285E-03;3.493E-03;9.315E-03;3.081E-03;1.046E-02;0.000E+00
7.860E-03;1.116E-04;9.350E-03;3.245E-03;9.385E-03;3.037E-03;1.056E-02;0.000E+00
7.915E-03;1.742E-04;9.420E-03;2.956E-03;9.455E-03;2.824E-03;1.065E-02;0.000E+00
7.975E-03;2.529E-04;9.490E-03;2.635E-03;9.520E-03;2.669E-03;1.075E-02;7.384E-05
8.030E-03;3.639E-04;9.565E-03;2.340E-03;9.595E-03;2.568E-03;1.085E-02;1.480E-04
8.090E-03;4.902E-04;9.635E-03;2.099E-03;9.665E-03;2.483E-03;1.095E-02;2.936E-04
8.150E-03;6.174E-04;9.710E-03;1.881E-03;9.735E-03;2.355E-03;1.105E-02;5.042E-04
8.210E-03;7.455E-04;9.785E-03;1.728E-03;9.810E-03;2.325E-03;1.115E-02;7.143E-04
8.265E-03;8.911E-04;9.860E-03;1.640E-03;9.885E-03;2.365E-03;1.126E-02;9.230E-04
8.325E-03;1.022E-03;9.935E-03;1.626E-03;9.960E-03;2.525E-03;1.136E-02;1.128E-03
8.385E-03;1.202E-03;1.001E-02;1.695E-03;1.004E-02;2.645E-03;1.147E-02;1.333E-03
8.450E-03;1.351E-03;1.009E-02;1.837E-03;1.011E-02;2.776E-03;1.158E-02;1.602E-03
8.510E-03;1.468E-03;1.017E-02;2.041E-03;1.019E-02;2.867E-03;1.169E-02;1.869E-03
8.570E-03;1.555E-03;1.025E-02;2.316E-03;1.027E-02;3.066E-03;1.181E-02;2.134E-03
8.630E-03;1.609E-03;1.033E-02;2.611E-03;1.035E-02;3.262E-03;1.192E-02;2.255E-03
8.690E-03;1.596E-03;1.042E-02;2.892E-03;1.043E-02;3.313E-03;1.204E-02;2.504E-03
8.750E-03;1.568E-03;1.050E-02;3.100E-03;1.052E-02;3.400E-03;1.216E-02;2.614E-03
8.810E-03;1.587E-03;1.058E-02;3.295E-03;1.060E-02;3.512E-03;1.228E-02;2.654E-03
8.870E-03;1.634E-03;1.067E-02;3.461E-03;1.068E-02;3.547E-03;1.241E-02;2.692E-03
8.930E-03;1.675E-03;1.076E-02;3.602E-03;1.077E-02;3.580E-03;1.253E-02;2.791E-03
8.995E-03;1.697E-03;1.085E-02;3.692E-03;1.086E-02;3.498E-03;1.267E-02;3.015E-03
9.055E-03;1.636E-03;1.094E-02;3.740E-03;1.095E-02;3.430E-03;1.280E-02;3.237E-03
9.120E-03;1.588E-03;1.103E-02;3.738E-03;1.104E-02;3.377E-03;1.294E-02;3.330E-03
9.180E-03;1.554E-03;1.112E-02;3.714E-03;1.113E-02;3.384E-03;1.308E-02;3.478E-03
9.250E-03;1.561E-03;1.121E-02;3.680E-03;1.122E-02;3.342E-03;1.322E-02;3.687E-03
9.315E-03;1.598E-03;1.131E-02;3.663E-03;1.131E-02;3.278E-03;1.337E-02;3.962E-03
9.385E-03;1.708E-03;1.140E-02;3.666E-03;1.141E-02;3.329E-03;1.352E-02;3.986E-03
9.455E-03;1.815E-03;1.150E-02;3.724E-03;1.150E-02;3.294E-03;1.367E-02;4.137E-03
9.530E-03;1.834E-03;1.160E-02;3.792E-03;1.160E-02;3.262E-03;1.383E-02;4.238E-03
9.605E-03;1.822E-03;1.170E-02;3.866E-03;1.170E-02;3.307E-03;1.398E-02;4.398E-03
9.680E-03;1.771E-03;1.180E-02;3.931E-03;1.179E-02;3.291E-03;1.415E-02;4.493E-03
9.760E-03;1.766E-03;1.191E-02;4.022E-03;1.189E-02;3.337E-03;1.431E-02;4.349E-03
9.840E-03;1.792E-03;1.201E-02;4.096E-03;1.199E-02;3.409E-03;1.448E-02;4.321E-03
9.920E-03;1.820E-03;1.212E-02;4.194E-03;1.210E-02;3.419E-03;1.465E-02;4.465E-03
1.000E-02;1.849E-03;1.223E-02;4.293E-03;1.220E-02;3.357E-03;1.482E-02;4.500E-03
1.009E-02;1.839E-03;1.234E-02;4.345E-03;1.230E-02;3.407E-03;1.499E-02;4.473E-03
1.017E-02;1.816E-03;1.245E-02;4.396E-03;1.240E-02;3.491E-03;1.517E-02;4.609E-03
1.026E-02;1.740E-03;1.257E-02;4.427E-03;1.251E-02;3.525E-03;1.535E-02;4.919E-03
1.035E-02;1.678E-03;1.269E-02;4.424E-03;1.261E-02;3.680E-03;1.553E-02;5.219E-03
1.043E-02;1.672E-03;1.280E-02;4.419E-03;1.272E-02;3.809E-03;1.572E-02;5.669E-03
1.052E-02;1.666E-03;1.292E-02;4.423E-03;1.283E-02;3.923E-03;1.591E-02;6.106E-03
1.061E-02;1.713E-03;1.305E-02;4.442E-03;1.294E-02;4.110E-03;1.611E-02;6.588E-03
1.070E-02;1.709E-03;1.317E-02;4.443E-03;1.305E-02;4.320E-03;1.631E-02;7.283E-03
1.080E-02;1.705E-03;1.330E-02;4.501E-03;1.316E-02;4.515E-03;1.651E-02;7.851E-03
1.089E-02;1.715E-03;1.343E-02;4.552E-03;1.327E-02;4.769E-03;1.672E-02;8.300E-03
1.098E-02;1.792E-03;1.356E-02;4.599E-03;1.338E-02;5.080E-03;1.693E-02;8.951E-03
1.108E-02;1.895E-03;1.369E-02;4.721E-03;1.350E-02;5.267E-03;1.715E-02;9.689E-03
1.117E-02;1.988E-03;1.383E-02;4.807E-03;1.362E-02;5.439E-03;1.737E-02;1.025E-02
1.127E-02;2.066E-03;1.396E-02;4.901E-03;1.373E-02;5.668E-03;1.761E-02;1.079E-02
1.137E-02;2.105E-03;1.411E-02;5.016E-03;1.385E-02;5.803E-03;1.784E-02;1.132E-02
1.147E-02;2.117E-03;1.425E-02;5.122E-03;1.397E-02;5.980E-03;1.808E-02;1.178E-02
1.157E-02;2.100E-03;1.439E-02;5.181E-03;1.409E-02;6.143E-03;1.833E-02;1.222E-02
1.167E-02;2.032E-03;1.454E-02;5.200E-03;1.422E-02;6.274E-03;1.858E-02;1.270E-02
1.177E-02;2.027E-03;1.469E-02;5.199E-03;1.434E-02;6.348E-03;1.885E-02;1.308E-02
1.187E-02;2.021E-03;1.485E-02;5.120E-03;1.447E-02;6.369E-03;1.911E-02;1.354E-02
1.197E-02;1.987E-03;1.500E-02;4.998E-03;1.460E-02;6.410E-03;1.939E-02;1.400E-02
1.208E-02;1.826E-03;1.516E-02;4.834E-03;1.474E-02;6.377E-03;1.967E-02;1.429E-02
1.218E-02;1.638E-03;1.532E-02;4.564E-03;1.488E-02;6.393E-03;1.996E-02;1.447E-02
1.229E-02;1.513E-03;1.549E-02;4.293E-03;1.502E-02;6.393E-03;2.026E-02;1.463E-02
1.240E-02;1.416E-03;1.566E-02;3.973E-03;1.516E-02;6.303E-03;2.057E-02;1.477E-02
1.251E-02;1.371E-03;1.582E-02;3.614E-03;1.531E-02;6.227E-03;2.088E-02;1.484E-02
1.263E-02;1.355E-03;1.600E-02;3.235E-03;1.547E-02;6.109E-03;2.121E-02;1.487E-02
1.274E-02;1.394E-03;1.617E-02;2.906E-03;1.562E-02;5.929E-03;2.154E-02;1.489E-02
1.286E-02;1.539E-03;1.635E-02;2.603E-03;1.579E-02;5.733E-03;2.189E-02;1.478E-02
1.297E-02;1.635E-03;1.652E-02;2.349E-03;1.595E-02;5.558E-03;2.224E-02;1.472E-02
1.309E-02;1.762E-03;1.670E-02;2.158E-03;1.613E-02;5.450E-03;2.260E-02;1.448E-02
1.321E-02;1.929E-03;1.688E-02;2.044E-03;1.630E-02;5.245E-03;2.297E-02;1.429E-02
1.333E-02;2.203E-03;1.707E-02;2.001E-03;1.648E-02;5.079E-03;2.335E-02;1.411E-02
1.344E-02;2.508E-03;1.725E-02;2.073E-03;1.666E-02;4.849E-03;2.374E-02;1.395E-02
1.356E-02;2.726E-03;1.743E-02;2.213E-03;1.685E-02;4.601E-03;2.414E-02;1.386E-02
1.368E-02;2.976E-03;1.762E-02;2.445E-03;1.704E-02;4.428E-03;2.455E-02;1.377E-02
1.380E-02;3.192E-03;1.780E-02;2.735E-03;1.723E-02;4.236E-03;2.497E-02;1.372E-02
1.392E-02;3.410E-03;1.799E-02;3.080E-03;1.743E-02;4.088E-03;2.540E-02;1.360E-02
1.403E-02;3.573E-03;1.818E-02;3.430E-03;1.763E-02;4.012E-03;2.585E-02;1.341E-02
1.415E-02;3.571E-03;1.837E-02;3.804E-03;1.783E-02;3.942E-03;2.630E-02;1.323E-02
1.427E-02;3.557E-03;1.856E-02;4.153E-03;1.803E-02;3.868E-03;2.677E-02;1.302E-02
1.438E-02;3.469E-03;1.876E-02;4.471E-03;1.823E-02;3.751E-03;2.725E-02;1.294E-02
1.450E-02;3.341E-03;1.896E-02;4.749E-03;1.844E-02;3.739E-03;2.774E-02;1.290E-02
1.461E-02;3.124E-03;1.916E-02;5.005E-03;1.865E-02;3.750E-03;2.825E-02;1.290E-02
1.473E-02;2.875E-03;1.936E-02;5.198E-03;1.885E-02;3.885E-03;2.876E-02;1.291E-02
1.485E-02;2.645E-03;1.956E-02;5.340E-03;1.906E-02;4.078E-03;2.929E-02;1.292E-02
1.496E-02;2.380E-03;1.977E-02;5.434E-03;1.927E-02;4.234E-03;2.983E-02;1.290E-02
1.508E-02;2.152E-03;1.998E-02;5.502E-03;1.948E-02;4.428E-03;3.038E-02;1.300E-02
1.519E-02;1.938E-03;2.019E-02;5.539E-03;1.969E-02;4.535E-03;3.095E-02;1.339E-02
1.531E-02;1.795E-03;2.040E-02;5.541E-03;1.991E-02;4.643E-03;3.152E-02;1.385E-02
1.543E-02;1.778E-03;2.062E-02;5.511E-03;2.012E-02;4.767E-03;3.211E-02;1.450E-02
1.555E-02;1.816E-03;2.083E-02;5.485E-03;2.034E-02;4.931E-03;3.271E-02;1.525E-02
1.567E-02;1.944E-03;2.105E-02;5.484E-03;2.055E-02;5.125E-03;3.333E-02;1.603E-02
1.580E-02;2.102E-03;2.127E-02;5.473E-03;2.077E-02;5.233E-03;3.396E-02;1.676E-02
1.593E-02;2.382E-03;2.149E-02;5.438E-03;2.099E-02;5.321E-03;3.460E-02;1.748E-02
1.606E-02;2.685E-03;2.171E-02;5.375E-03;2.121E-02;5.313E-03;3.526E-02;1.828E-02
1.618E-02;3.091E-03;2.194E-02;5.304E-03;2.144E-02;5.265E-03;3.593E-02;1.909E-02
1.631E-02;3.512E-03;2.216E-02;5.214E-03;2.166E-02;5.240E-03;3.661E-02;1.994E-02
1.644E-02;3.881E-03;2.239E-02;5.100E-03;2.189E-02;5.247E-03;3.731E-02;2.064E-02
1.657E-02;4.178E-03;2.262E-02;4.966E-03;2.212E-02;5.357E-03;3.802E-02;2.103E-02
1.670E-02;4.419E-03;2.284E-02;4.831E-03;2.234E-02;5.438E-03;3.875E-02;2.142E-02
1.682E-02;4.591E-03;2.307E-02;4.693E-03;2.257E-02;5.546E-03;3.949E-02;2.162E-02
1.695E-02;4.702E-03;2.330E-02;4.540E-03;2.280E-02;5.625E-03;4.024E-02;2.167E-02
1.707E-02;4.716E-03;2.353E-02;4.355E-03;2.304E-02;5.718E-03;4.100E-02;2.166E-02
1.719E-02;4.714E-03;2.376E-02;4.197E-03;2.327E-02;5.872E-03;4.179E-02;2.164E-02
1.731E-02;4.552E-03;2.398E-02;4.058E-03;2.350E-02;6.049E-03;4.258E-02;2.155E-02
1.743E-02;4.398E-03;2.421E-02;3.988E-03;2.373E-02;6.258E-03;4.339E-02;2.136E-02
1.755E-02;4.074E-03;2.443E-02;3.920E-03;2.397E-02;6.513E-03;4.422E-02;2.111E-02
1.767E-02;3.704E-03;2.466E-02;3.886E-03;2.420E-02;6.747E-03;4.508E-02;2.082E-02
1.779E-02;3.373E-03;2.488E-02;3.891E-03;2.444E-02;6.929E-03;4.596E-02;2.065E-02
1.791E-02;3.069E-03;2.510E-02;3.932E-03;2.467E-02;7.069E-03;4.686E-02;2.062E-02
1.804E-02;2.744E-03;2.531E-02;4.015E-03;2.491E-02;7.212E-03;4.780E-02;2.052E-02
1.816E-02;2.464E-03;2.553E-02;4.148E-03;2.515E-02;7.285E-03;4.877E-02;2.041E-02
1.828E-02;2.249E-03;2.574E-02;4.332E-03;2.539E-02;7.324E-03;4.978E-02;2.041E-02
1.841E-02;2.133E-03;2.596E-02;4.546E-03;2.563E-02;7.325E-03;5.080E-02;2.036E-02
1.853E-02;2.017E-03;2.617E-02;4.748E-03;2.587E-02;7.295E-03;5.190E-02;2.034E-02
1.866E-02;2.033E-03;2.638E-02;4.990E-03;2.611E-02;7.208E-03;5.300E-02;2.037E-02
1.879E-02;2.030E-03;2.658E-02;5.257E-03;2.635E-02;7.131E-03;5.415E-02;2.049E-02
1.891E-02;2.142E-03;2.679E-02;5.609E-03;2.659E-02;6.970E-03;5.535E-02;2.065E-02
1.904E-02;2.365E-03;2.699E-02;5.988E-03;2.684E-02;6.832E-03;5.655E-02;2.082E-02
1.917E-02;2.554E-03;2.719E-02;6.375E-03;2.708E-02;6.692E-03;5.780E-02;2.089E-02
1.930E-02;2.788E-03;2.740E-02;6.781E-03;2.733E-02;6.572E-03;5.905E-02;2.093E-02
1.944E-02;3.114E-03;2.760E-02;7.180E-03;2.758E-02;6.467E-03;6.035E-02;2.109E-02
1.957E-02;3.430E-03;2.780E-02;7.535E-03;2.783E-02;6.427E-03;6.165E-02;2.138E-02
1.970E-02;3.726E-03;2.801E-02;7.842E-03;2.808E-02;6.475E-03;6.295E-02;2.152E-02
1.984E-02;3.968E-03;2.822E-02;8.144E-03;2.833E-02;6.554E-03;6.430E-02;2.169E-02
1.998E-02;4.175E-03;2.843E-02;8.456E-03;2.858E-02;6.676E-03;6.565E-02;2.185E-02
2.012E-02;4.330E-03;2.865E-02;8.677E-03;2.884E-02;6.834E-03;6.705E-02;2.197E-02
2.027E-02;4.485E-03;2.887E-02;8.808E-03;2.910E-02;7.002E-03;6.845E-02;2.200E-02
2.042E-02;4.626E-03;2.909E-02;8.835E-03;2.936E-02;7.263E-03;6.985E-02;2.208E-02
2.057E-02;4.642E-03;2.932E-02;8.800E-03;2.962E-02;7.530E-03;7.130E-02;2.213E-02
2.072E-02;4.722E-03;2.955E-02;8.743E-03;2.989E-02;7.835E-03;7.280E-02;2.220E-02
2.088E-02;4.762E-03;2.979E-02;8.632E-03;3.016E-02;8.138E-03;7.430E-02;2.225E-02
2.103E-02;4.715E-03;3.003E-02;8.488E-03;3.044E-02;8.476E-03;7.585E-02;2.221E-02
2.119E-02;4.622E-03;3.027E-02;8.374E-03;3.073E-02;8.786E-03;7.745E-02;2.208E-02
2.136E-02;4.505E-03;3.052E-02;8.294E-03;3.102E-02;9.056E-03;7.905E-02;2.210E-02
2.152E-02;4.367E-03;3.076E-02;8.235E-03;3.131E-02;9.325E-03;8.070E-02;2.217E-02
2.168E-02;4.349E-03;3.101E-02;8.193E-03;3.162E-02;9.584E-03;8.240E-02;2.230E-02
2.184E-02;4.290E-03;3.126E-02;8.275E-03;3.192E-02;9.899E-03;8.415E-02;2.245E-02
2.201E-02;4.253E-03;3.151E-02;8.441E-03;3.223E-02;1.022E-02;8.595E-02;2.269E-02
2.217E-02;4.173E-03;3.176E-02;8.673E-03;3.254E-02;1.053E-02;8.780E-02;2.285E-02
2.233E-02;4.108E-03;3.202E-02;8.963E-03;3.285E-02;1.084E-02;8.970E-02;2.300E-02
2.249E-02;3.930E-03;3.228E-02;9.290E-03;3.316E-02;1.116E-02;9.160E-02;2.317E-02
2.264E-02;3.799E-03;3.254E-02;9.697E-03;3.347E-02;1.145E-02;9.360E-02;2.334E-02
2.280E-02;3.693E-03;3.281E-02;1.017E-02;3.377E-02;1.172E-02;9.565E-02;2.355E-02
2.296E-02;3.657E-03;3.307E-02;1.068E-02;3.408E-02;1.207E-02;9.770E-02;2.379E-02
2.311E-02;3.627E-03;3.334E-02;1.120E-02;3.438E-02;1.239E-02;9.980E-02;2.398E-02
2.327E-02;3.668E-03;3.362E-02;1.173E-02;3.469E-02;1.275E-02;1.020E-01;2.411E-02
2.342E-02;3.586E-03;3.390E-02;1.227E-02;3.499E-02;1.313E-02;1.042E-01;2.422E-02
2.358E-02;3.592E-03;3.418E-02;1.274E-02;3.530E-02;1.352E-02;1.064E-01;2.437E-02
2.373E-02;3.525E-03;3.447E-02;1.319E-02;3.561E-02;1.394E-02;1.086E-01;2.453E-02
2.389E-02;3.499E-03;3.477E-02;1.364E-02;3.593E-02;1.435E-02;1.108E-01;2.480E-02
2.405E-02;3.531E-03;3.506E-02;1.411E-02;3.626E-02;1.482E-02;1.131E-01;2.521E-02
2.422E-02;3.705E-03;3.536E-02;1.459E-02;3.659E-02;1.532E-02;1.153E-01;2.569E-02
2.439E-02;3.841E-03;3.566E-02;1.501E-02;3.693E-02;1.592E-02;1.176E-01;2.634E-02
2.456E-02;3.996E-03;3.597E-02;1.540E-02;3.727E-02;1.653E-02;1.199E-01;2.709E-02
2.474E-02;4.150E-03;3.628E-02;1.576E-02;3.762E-02;1.709E-02;1.223E-01;2.794E-02
2.492E-02;4.339E-03;3.660E-02;1.610E-02;3.798E-02;1.777E-02;1.246E-01;2.896E-02
2.510E-02;4.468E-03;3.692E-02;1.645E-02;3.834E-02;1.843E-02;1.270E-01;3.004E-02
2.529E-02;4.618E-03;3.724E-02;1.673E-02;3.871E-02;1.907E-02;1.294E-01;3.117E-02
2.548E-02;4.738E-03;3.756E-02;1.704E-02;3.908E-02;1.967E-02;1.318E-01;3.225E-02
2.567E-02;4.969E-03;3.787E-02;1.735E-02;3.945E-02;2.021E-02;1.343E-01;3.328E-02
2.586E-02;5.230E-03;3.818E-02;1.765E-02;3.982E-02;2.081E-02;1.369E-01;3.423E-02
2.605E-02;5.440E-03;3.850E-02;1.788E-02;4.019E-02;2.132E-02;1.395E-01;3.509E-02
2.624E-02;5.557E-03;3.881E-02;1.809E-02;4.056E-02;2.180E-02;1.423E-01;3.586E-02
2.644E-02;5.675E-03;3.912E-02;1.834E-02;4.093E-02;2.223E-02;1.451E-01;3.650E-02
2.663E-02;5.760E-03;3.942E-02;1.857E-02;4.130E-02;2.262E-02;1.480E-01;3.699E-02
2.683E-02;5.783E-03;3.972E-02;1.880E-02;4.166E-02;2.308E-02;1.510E-01;3.736E-02
2.703E-02;5.732E-03;4.002E-02;1.901E-02;4.203E-02;2.343E-02;1.541E-01;3.765E-02
2.724E-02;5.681E-03;4.031E-02;1.921E-02;4.240E-02;2.375E-02;1.574E-01;3.791E-02
2.745E-02;5.646E-03;4.060E-02;1.946E-02;4.277E-02;2.407E-02;1.607E-01;3.813E-02
2.766E-02;5.570E-03;4.090E-02;1.968E-02;4.314E-02;2.438E-02;1.643E-01;3.845E-02
2.787E-02;5.451E-03;4.121E-02;1.989E-02;4.350E-02;2.468E-02;1.679E-01;3.881E-02
2.809E-02;5.234E-03;4.151E-02;2.006E-02;4.387E-02;2.488E-02;1.717E-01;3.926E-02
2.831E-02;5.102E-03;4.182E-02;2.029E-02;4.424E-02;2.509E-02;1.757E-01;3.977E-02
2.853E-02;4.976E-03;4.214E-02;2.052E-02;4.462E-02;2.524E-02;1.798E-01;4.044E-02
2.875E-02;4.870E-03;4.246E-02;2.071E-02;4.500E-02;2.536E-02;1.841E-01;4.120E-02
2.897E-02;4.811E-03;4.278E-02;2.090E-02;4.538E-02;2.543E-02;1.885E-01;4.202E-02
2.919E-02;4.801E-03;4.312E-02;2.109E-02;4.576E-02;2.537E-02;1.931E-01;4.296E-02
2.942E-02;4.879E-03;4.346E-02;2.128E-02;4.614E-02;2.529E-02;1.979E-01;4.383E-02
2.964E-02;4.987E-03;4.380E-02;2.146E-02;4.652E-02;2.522E-02;2.028E-01;4.480E-02
2.986E-02;5.076E-03;4.415E-02;2.158E-02;4.690E-02;2.516E-02;2.080E-01;4.583E-02
3.009E-02;5.234E-03;4.451E-02;2.170E-02;4.728E-02;2.509E-02;2.134E-01;4.688E-02
3.031E-02;5.298E-03;4.487E-02;2.183E-02;4.766E-02;2.502E-02;2.189E-01;4.803E-02
3.054E-02;5.444E-03;4.523E-02;2.196E-02;4.805E-02;2.497E-02;2.248E-01;4.922E-02
3.077E-02;5.509E-03;4.561E-02;2.202E-02;4.845E-02;2.493E-02;2.309E-01;5.044E-02
3.100E-02;5.596E-03;4.599E-02;2.205E-02;4.884E-02;2.492E-02;2.372E-01;5.165E-02
3.123E-02;5.633E-03;4.639E-02;2.205E-02;4.924E-02;2.489E-02;2.438E-01;5.294E-02
3.147E-02;5.621E-03;4.679E-02;2.203E-02;4.965E-02;2.495E-02;2.508E-01;5.434E-02
3.171E-02;5.605E-03;4.721E-02;2.201E-02;5.005E-02;2.506E-02;2.580E-01;5.581E-02
3.195E-02;5.529E-03;4.763E-02;2.192E-02;5.050E-02;2.517E-02;2.657E-01;5.752E-02
3.220E-02;5.446E-03;4.807E-02;2.183E-02;5.090E-02;2.517E-02;2.737E-01;5.925E-02
3.245E-02;5.426E-03;4.851E-02;2.176E-02;5.135E-02;2.506E-02;2.821E-01;6.113E-02
3.271E-02;5.310E-03;4.895E-02;2.167E-02;5.180E-02;2.490E-02;2.909E-01;6.306E-02
3.296E-02;5.329E-03;4.941E-02;2.156E-02;5.225E-02;2.470E-02;3.002E-01;6.500E-02
3.323E-02;5.325E-03;4.987E-02;2.144E-02;5.270E-02;2.450E-02;3.100E-01;6.706E-02
3.349E-02;5.282E-03;5.035E-02;2.135E-02;5.315E-02;2.425E-02;3.203E-01;6.923E-02
3.376E-02;5.215E-03;5.080E-02;2.126E-02;5.365E-02;2.392E-02;3.311E-01;7.148E-02
3.403E-02;5.197E-03;5.125E-02;2.118E-02;5.415E-02;2.359E-02;3.425E-01;7.382E-02
3.431E-02;5.196E-03;5.170E-02;2.107E-02;5.465E-02;2.310E-02;3.545E-01;7.632E-02
3.458E-02;5.184E-03;5.220E-02;2.094E-02;5.515E-02;2.255E-02;3.672E-01;7.896E-02
3.486E-02;5.185E-03;5.265E-02;2.086E-02;5.570E-02;2.201E-02;3.805E-01;8.175E-02
3.514E-02;5.147E-03;5.310E-02;2.077E-02;5.620E-02;2.155E-02;3.945E-01;8.476E-02
3.542E-02;5.075E-03;5.360E-02;2.066E-02;5.675E-02;2.114E-02;4.092E-01;8.801E-02
3.570E-02;5.098E-03;5.410E-02;2.051E-02;5.735E-02;2.074E-02;4.246E-01;9.160E-02
3.598E-02;5.044E-03;5.460E-02;2.036E-02;5.790E-02;2.036E-02;4.408E-01;9.560E-02
3.627E-02;5.013E-03;5.510E-02;2.016E-02;5.850E-02;1.994E-02;4.577E-01;9.992E-02
3.656E-02;5.107E-03;5.565E-02;1.991E-02;5.910E-02;1.952E-02;4.753E-01;1.046E-01
3.685E-02;5.186E-03;5.620E-02;1.966E-02;5.970E-02;1.915E-02;4.938E-01;1.098E-01
3.715E-02;5.233E-03;5.675E-02;1.938E-02;6.035E-02;1.876E-02;5.130E-01;1.153E-01
3.745E-02;5.275E-03;5.735E-02;1.911E-02;6.095E-02;1.842E-02;5.330E-01;1.212E-01
3.776E-02;5.315E-03;5.790E-02;1.881E-02;6.160E-02;1.810E-02;5.540E-01;1.276E-01
3.807E-02;5.356E-03;5.850E-02;1.846E-02;6.225E-02;1.774E-02;5.760E-01;1.342E-01
3.838E-02;5.439E-03;5.910E-02;1.810E-02;6.290E-02;1.736E-02;5.985E-01;1.413E-01
3.870E-02;5.483E-03;5.975E-02;1.771E-02;6.360E-02;1.696E-02;6.220E-01;1.486E-01
3.902E-02;5.488E-03;6.035E-02;1.735E-02;6.425E-02;1.657E-02;6.470E-01;1.561E-01
3.935E-02;5.523E-03;6.100E-02;1.697E-02;6.495E-02;1.614E-02;6.725E-01;1.638E-01
3.968E-02;5.490E-03;6.165E-02;1.664E-02;6.565E-02;1.577E-02;6.995E-01;1.716E-01
4.002E-02;5.373E-03;6.230E-02;1.633E-02;6.635E-02;1.540E-02;7.275E-01;1.795E-01
4.036E-02;5.332E-03;6.295E-02;1.601E-02;6.710E-02;1.499E-02;7.570E-01;1.871E-01
4.070E-02;5.345E-03;6.365E-02;1.570E-02;6.780E-02;1.462E-02;7.875E-01;1.947E-01
4.105E-02;5.376E-03;6.430E-02;1.544E-02;6.855E-02;1.431E-02;8.190E-01;2.018E-01
4.140E-02;5.408E-03;6.495E-02;1.521E-02;6.925E-02;1.402E-02;8.525E-01;2.085E-01
4.175E-02;5.440E-03;6.565E-02;1.501E-02;7.000E-02;1.379E-02;8.870E-01;2.145E-01
4.211E-02;5.522E-03;6.635E-02;1.481E-02;7.075E-02;1.356E-02;9.225E-01;2.198E-01
4.248E-02;5.630E-03;6.705E-02;1.467E-02;7.150E-02;1.335E-02;9.600E-01;2.241E-01
4.285E-02;5.725E-03;6.775E-02;1.454E-02;7.230E-02;1.318E-02;9.985E-01;2.274E-01
4.323E-02;5.793E-03;6.845E-02;1.445E-02;7.305E-02;1.303E-02;1.039E+00;2.296E-01
4.361E-02;5.953E-03;6.920E-02;1.436E-02;7.385E-02;1.283E-02;1.080E+00;2.305E-01
4.399E-02;6.150E-03;6.990E-02;1.426E-02;7.465E-02;1.264E-02;1.123E+00;2.301E-01
4.438E-02;6.279E-03;7.065E-02;1.420E-02;7.545E-02;1.247E-02;1.167E+00;2.283E-01
4.478E-02;6.394E-03;7.140E-02;1.416E-02;7.630E-02;1.231E-02;1.213E+00;2.252E-01
4.518E-02;6.530E-03;7.220E-02;1.408E-02;7.710E-02;1.210E-02;1.260E+00;2.208E-01
4.558E-02;6.689E-03;7.300E-02;1.399E-02;7.795E-02;1.190E-02;1.308E+00;2.152E-01
4.599E-02;6.906E-03;7.380E-02;1.390E-02;7.885E-02;1.168E-02;1.358E+00;2.085E-01
4.640E-02;7.007E-03;7.465E-02;1.382E-02;7.975E-02;1.148E-02;1.409E+00;2.007E-01
4.683E-02;7.143E-03;7.550E-02;1.371E-02;8.065E-02;1.127E-02;1.461E+00;1.920E-01
4.726E-02;7.346E-03;7.630E-02;1.357E-02;8.160E-02;1.101E-02;1.515E+00;1.827E-01
4.769E-02;7.605E-03;7.720E-02;1.340E-02;8.255E-02;1.075E-02;1.571E+00;1.736E-01
4.813E-02;7.832E-03;7.805E-02;1.321E-02;8.350E-02;1.053E-02;1.628E+00;1.641E-01
4.858E-02;8.041E-03;7.895E-02;1.301E-02;8.450E-02;1.032E-02;1.686E+00;1.553E-01
4.903E-02;8.324E-03;7.985E-02;1.278E-02;8.550E-02;1.013E-02;1.747E+00;1.470E-01
4.950E-02;8.570E-03;8.075E-02;1.253E-02;8.655E-02;9.898E-03;1.809E+00;1.393E-01
4.997E-02;8.807E-03;8.165E-02;1.228E-02;8.760E-02;9.682E-03;1.870E+00;1.326E-01
5.045E-02;9.049E-03;8.260E-02;1.204E-02;8.870E-02;9.439E-03;1.929E+00;1.276E-01
5.095E-02;9.258E-03;8.355E-02;1.179E-02;8.980E-02;9.213E-03;1.984E+00;1.236E-01
5.140E-02;9.614E-03;8.455E-02;1.155E-02;9.095E-02;8.980E-03;2.036E+00;1.230E-01
5.190E-02;1.001E-02;8.555E-02;1.131E-02;9.210E-02;8.792E-03;2.084E+00;1.269E-01
5.240E-02;1.039E-02;8.655E-02;1.109E-02;9.325E-02;8.655E-03;2.127E+00;1.329E-01
5.290E-02;1.083E-02;8.755E-02;1.090E-02;9.450E-02;8.530E-03;2.166E+00;1.379E-01
5.340E-02;1.130E-02;8.865E-02;1.073E-02;9.570E-02;8.411E-03;2.199E+00;1.461E-01
5.390E-02;1.189E-02;8.970E-02;1.059E-02;9.695E-02;8.315E-03;2.227E+00;1.529E-01
5.445E-02;1.251E-02;9.080E-02;1.046E-02;9.825E-02;8.238E-03;2.249E+00;1.596E-01
5.495E-02;1.327E-02;9.190E-02;1.034E-02;9.955E-02;8.230E-03;2.264E+00;1.664E-01
5.550E-02;1.406E-02;9.300E-02;1.024E-02;1.009E-01;8.225E-03;2.279E+00;1.729E-01
5.600E-02;1.491E-02;9.415E-02;1.014E-02;1.022E-01;8.272E-03;2.295E+00;1.777E-01
5.655E-02;1.578E-02;9.530E-02;1.005E-02;1.036E-01;8.313E-03;2.311E+00;1.853E-01
5.710E-02;1.659E-02;9.650E-02;9.948E-03;1.050E-01;8.380E-03;2.327E+00;1.884E-01
5.765E-02;1.739E-02;9.770E-02;9.869E-03;1.064E-01;8.427E-03;2.343E+00;1.885E-01
5.820E-02;1.823E-02;9.890E-02;9.777E-03;1.079E-01;8.475E-03;2.360E+00;1.850E-01
5.875E-02;1.900E-02;1.002E-01;9.673E-03;1.094E-01;8.528E-03;2.378E+00;1.845E-01
5.930E-02;1.977E-02;1.015E-01;9.550E-03;1.109E-01;8.631E-03;2.395E+00;1.807E-01
5.990E-02;2.044E-02;1.028E-01;9.427E-03;1.125E-01;8.731E-03;2.412E+00;1.775E-01
6.050E-02;2.105E-02;1.041E-01;9.311E-03;1.141E-01;8.851E-03;2.428E+00;1.749E-01
6.105E-02;2.156E-02;1.055E-01;9.189E-03;1.157E-01;8.925E-03;2.445E+00;1.745E-01
6.165E-02;2.202E-02;1.069E-01;9.062E-03;1.174E-01;9.029E-03;2.461E+00;1.734E-01
6.225E-02;2.247E-02;1.083E-01;8.947E-03;1.192E-01;9.108E-03;2.477E+00;1.730E-01
6.290E-02;2.291E-02;1.098E-01;8.812E-03;1.209E-01;9.203E-03;2.493E+00;1.713E-01
6.350E-02;2.339E-02;1.113E-01;8.698E-03;1.227E-01;9.316E-03;2.508E+00;1.715E-01
6.415E-02;2.381E-02;1.128E-01;8.559E-03;1.246E-01;9.405E-03;2.523E+00;1.713E-01
6.480E-02;2.416E-02;1.144E-01;8.435E-03;1.265E-01;9.483E-03;2.538E+00;1.761E-01
6.545E-02;2.448E-02;1.160E-01;8.300E-03;1.285E-01;9.576E-03;2.552E+00;1.775E-01
6.615E-02;2.471E-02;1.177E-01;8.179E-03;1.305E-01;9.613E-03;2.566E+00;1.783E-01
6.685E-02;2.495E-02;1.194E-01;8.050E-03;1.326E-01;9.608E-03;2.581E+00;1.813E-01
6.755E-02;2.519E-02;1.211E-01;7.906E-03;1.347E-01;9.539E-03;2.596E+00;1.838E-01
6.825E-02;2.541E-02;1.229E-01;7.762E-03;1.369E-01;9.493E-03;2.611E+00;1.824E-01
6.900E-02;2.563E-02;1.248E-01;7.619E-03;1.392E-01;9.433E-03;2.626E+00;1.846E-01
6.975E-02;2.576E-02;1.267E-01;7.456E-03;1.415E-01;9.351E-03;2.642E+00;1.868E-01
7.055E-02;2.579E-02;1.286E-01;7.316E-03;1.439E-01;9.240E-03;2.658E+00;1.834E-01
7.135E-02;2.573E-02;1.306E-01;7.165E-03;1.464E-01;9.071E-03;2.674E+00;1.827E-01
7.215E-02;2.568E-02;1.327E-01;7.023E-03;1.489E-01;8.940E-03;2.690E+00;1.823E-01
7.290E-02;2.559E-02;1.348E-01;6.851E-03;1.515E-01;8.806E-03;2.707E+00;1.788E-01
7.375E-02;2.557E-02;1.370E-01;6.707E-03;1.542E-01;8.627E-03;2.725E+00;1.776E-01
7.455E-02;2.554E-02;1.393E-01;6.563E-03;1.570E-01;8.448E-03;2.742E+00;1.796E-01
7.535E-02;2.552E-02;1.416E-01;6.424E-03;1.599E-01;8.293E-03;2.760E+00;1.805E-01
7.620E-02;2.543E-02;1.440E-01;6.286E-03;1.628E-01;8.203E-03;2.778E+00;1.817E-01
7.700E-02;2.532E-02;1.464E-01;6.148E-03;1.659E-01;8.096E-03;2.796E+00;1.842E-01
7.785E-02;2.519E-02;1.490E-01;5.992E-03;1.691E-01;7.970E-03;2.815E+00;1.831E-01
7.870E-02;2.505E-02;1.516E-01;5.853E-03;1.723E-01;7.872E-03;2.834E+00;1.824E-01
7.955E-02;2.496E-02;1.543E-01;5.710E-03;1.757E-01;7.807E-03;2.855E+00;1.872E-01
8.045E-02;2.491E-02;1.571E-01;5.569E-03;1.792E-01;7.770E-03;2.876E+00;1.886E-01
8.135E-02;2.475E-02;1.600E-01;5.429E-03;1.829E-01;7.704E-03;2.896E+00;1.899E-01
8.225E-02;2.460E-02;1.629E-01;5.318E-03;1.866E-01;7.633E-03;2.916E+00;1.904E-01
8.320E-02;2.434E-02;1.660E-01;5.189E-03;1.905E-01;7.600E-03;2.936E+00;1.883E-01
8.415E-02;2.407E-02;1.692E-01;5.050E-03;1.946E-01;7.566E-03;2.956E+00;1.843E-01
8.510E-02;2.375E-02;1.725E-01;4.907E-03;1.988E-01;7.538E-03;2.976E+00;1.793E-01
8.610E-02;2.345E-02;1.759E-01;4.771E-03;2.032E-01;7.454E-03;2.995E+00;1.754E-01
8.710E-02;2.313E-02;1.794E-01;4.638E-03;2.077E-01;7.354E-03;3.015E+00;1.743E-01
8.810E-02;2.275E-02;1.831E-01;4.525E-03;2.124E-01;7.253E-03;3.034E+00;1.744E-01
8.915E-02;2.237E-02;1.868E-01;4.410E-03;2.173E-01;7.124E-03;3.053E+00;1.744E-01
9.025E-02;2.196E-02;1.908E-01;4.289E-03;2.224E-01;6.957E-03;3.070E+00;1.730E-01
9.130E-02;2.154E-02;1.949E-01;4.165E-03;2.277E-01;6.802E-03;3.088E+00;1.712E-01
9.245E-02;2.122E-02;1.991E-01;4.049E-03;2.332E-01;6.653E-03;3.107E+00;1.695E-01
9.355E-02;2.090E-02;2.035E-01;3.933E-03;2.390E-01;6.514E-03;3.127E+00;1.702E-01
9.475E-02;2.063E-02;2.080E-01;3.832E-03;2.449E-01;6.374E-03;3.148E+00;1.742E-01
9.590E-02;2.033E-02;2.127E-01;3.753E-03;2.511E-01;6.275E-03;3.169E+00;1.772E-01
9.715E-02;2.002E-02;2.176E-01;3.694E-03;2.575E-01;6.161E-03;3.190E+00;1.818E-01
9.835E-02;1.970E-02;2.226E-01;3.646E-03;2.641E-01;6.091E-03;3.212E+00;1.841E-01
9.965E-02;1.940E-02;2.278E-01;3.619E-03;2.710E-01;6.062E-03;3.234E+00;1.834E-01
1.010E-01;1.916E-02;2.331E-01;3.599E-03;2.782E-01;6.065E-03;3.255E+00;1.822E-01
1.023E-01;1.898E-02;2.386E-01;3.580E-03;2.856E-01;6.108E-03;3.277E+00;1.793E-01
1.036E-01;1.875E-02;2.444E-01;3.572E-03;2.933E-01;6.182E-03;3.299E+00;1.778E-01
1.050E-01;1.849E-02;2.502E-01;3.589E-03;3.012E-01;6.243E-03;3.320E+00;1.791E-01
1.064E-01;1.819E-02;2.563E-01;3.611E-03;3.095E-01;6.320E-03;3.341E+00;1.816E-01
1.079E-01;1.784E-02;2.626E-01;3.636E-03;3.181E-01;6.404E-03;3.361E+00;1.797E-01
1.093E-01;1.747E-02;2.692E-01;3.655E-03;3.270E-01;6.454E-03;3.380E+00;1.762E-01
1.109E-01;1.713E-02;2.760E-01;3.665E-03;3.362E-01;6.473E-03;3.399E+00;1.754E-01
1.124E-01;1.685E-02;2.830E-01;3.663E-03;3.459E-01;6.513E-03;3.418E+00;1.742E-01
1.140E-01;1.652E-02;2.904E-01;3.653E-03;3.559E-01;6.544E-03;3.438E+00;1.737E-01
1.157E-01;1.616E-02;2.981E-01;3.631E-03;3.664E-01;6.565E-03;3.457E+00;1.734E-01
1.173E-01;1.578E-02;3.063E-01;3.602E-03;3.772E-01;6.572E-03;3.477E+00;1.728E-01
1.191E-01;1.531E-02;3.150E-01;3.574E-03;3.885E-01;6.576E-03;3.498E+00;1.760E-01
1.208E-01;1.490E-02;3.243E-01;3.541E-03;4.003E-01;6.599E-03;3.519E+00;1.767E-01
1.226E-01;1.446E-02;3.343E-01;3.480E-03;4.125E-01;6.649E-03;3.541E+00;1.765E-01
1.245E-01;1.402E-02;3.453E-01;3.404E-03;4.252E-01;6.716E-03;3.564E+00;1.719E-01
1.264E-01;1.357E-02;3.574E-01;3.311E-03;4.385E-01;6.789E-03;3.588E+00;1.737E-01
1.284E-01;1.314E-02;3.710E-01;3.208E-03;4.524E-01;6.929E-03;3.613E+00;1.748E-01
1.304E-01;1.263E-02;3.863E-01;3.090E-03;4.669E-01;7.091E-03;3.639E+00;1.753E-01
1.325E-01;1.208E-02;4.039E-01;2.965E-03;4.823E-01;7.252E-03;3.665E+00;1.731E-01
1.346E-01;1.152E-02;4.241E-01;2.828E-03;4.986E-01;7.396E-03;3.692E+00;1.736E-01
1.368E-01;1.098E-02;4.475E-01;2.676E-03;5.160E-01;7.539E-03;3.720E+00;1.752E-01
1.391E-01;1.043E-02;4.748E-01;2.512E-03;5.345E-01;7.663E-03;3.749E+00;1.787E-01
1.414E-01;9.887E-03;5.065E-01;2.339E-03;5.550E-01;7.746E-03;3.778E+00;1.782E-01
1.439E-01;9.303E-03;5.440E-01;2.159E-03;5.770E-01;7.769E-03;3.808E+00;1.786E-01
1.465E-01;8.761E-03;5.880E-01;1.983E-03;6.020E-01;7.728E-03;3.838E+00;1.790E-01
1.493E-01;8.196E-03;6.395E-01;1.807E-03;6.295E-01;7.618E-03;3.868E+00;1.832E-01
1.522E-01;7.642E-03;7.000E-01;1.636E-03;6.605E-01;7.452E-03;3.897E+00;1.822E-01
1.553E-01;7.075E-03;7.715E-01;1.471E-03;6.955E-01;7.198E-03;3.927E+00;1.832E-01
1.587E-01;6.572E-03;8.545E-01;1.318E-03;7.355E-01;6.886E-03;3.957E+00;1.831E-01
1.624E-01;6.082E-03;9.515E-01;1.174E-03;7.810E-01;6.520E-03;3.989E+00;1.873E-01
1.664E-01;5.613E-03;1.063E+00;1.056E-03;8.330E-01;6.123E-03;4.020E+00;1.857E-01
1.708E-01;5.137E-03;1.190E+00;9.532E-04;8.925E-01;5.684E-03;4.049E+00;1.836E-01
1.756E-01;4.660E-03;1.329E+00;8.679E-04;9.600E-01;5.229E-03;4.081E+00;1.809E-01
1.808E-01;4.222E-03;1.475E+00;7.975E-04;1.037E+00;4.772E-03;4.112E+00;1.809E-01
1.865E-01;3.790E-03;1.626E+00;7.467E-04;1.124E+00;4.326E-03;4.143E+00;1.815E-01
1.927E-01;3.356E-03;1.774E+00;7.244E-04;1.223E+00;3.901E-03;4.172E+00;1.786E-01
1.994E-01;2.963E-03;1.913E+00;7.978E-04;1.332E+00;3.506E-03;4.201E+00;1.777E-01
2.065E-01;2.587E-03;2.037E+00;8.805E-04;1.448E+00;3.136E-03;4.230E+00;1.787E-01
2.142E-01;2.239E-03;2.141E+00;9.685E-04;1.567E+00;2.833E-03;4.258E+00;1.770E-01
2.225E-01;1.893E-03;2.221E+00;1.061E-03;1.686E+00;2.565E-03;4.285E+00;1.756E-01
2.312E-01;1.593E-03;2.278E+00;1.159E-03;1.802E+00;2.360E-03;4.311E+00;1.721E-01
2.406E-01;1.312E-03;2.313E+00;1.246E-03;1.910E+00;2.234E-03;4.338E+00;1.764E-01
2.506E-01;1.088E-03;2.328E+00;1.334E-03;2.007E+00;2.145E-03;4.365E+00;1.791E-01
2.612E-01;9.032E-04;2.343E+00;1.420E-03;2.090E+00;2.092E-03;4.390E+00;1.781E-01
2.725E-01;7.377E-04;2.359E+00;1.504E-03;2.155E+00;2.066E-03;4.415E+00;1.761E-01
2.846E-01;6.136E-04;2.375E+00;1.582E-03;2.203E+00;2.057E-03;4.441E+00;1.737E-01
2.975E-01;5.340E-04;2.392E+00;1.643E-03;2.233E+00;2.060E-03;4.466E+00;1.756E-01
3.114E-01;4.722E-04;2.408E+00;1.625E-03;2.247E+00;2.082E-03;4.492E+00;1.731E-01
3.263E-01;4.431E-04;2.425E+00;1.611E-03;2.261E+00;2.125E-03;4.519E+00;1.720E-01
3.425E-01;4.343E-04;2.443E+00;1.605E-03;2.276E+00;1.955E-03;4.545E+00;1.725E-01
3.599E-01;4.432E-04;2.461E+00;1.604E-03;2.290E+00;1.795E-03;4.572E+00;1.731E-01
3.788E-01;4.480E-04;2.479E+00;1.609E-03;2.305E+00;1.822E-03;4.600E+00;1.750E-01
3.993E-01;4.642E-04;2.497E+00;1.460E-03;2.321E+00;1.812E-03;4.628E+00;1.697E-01
4.218E-01;4.614E-04;2.515E+00;1.313E-03;2.337E+00;1.809E-03;4.655E+00;1.658E-01
4.462E-01;4.608E-04;2.534E+00;1.168E-03;2.353E+00;1.802E-03;4.684E+00;1.664E-01
4.730E-01;4.650E-04;2.551E+00;1.025E-03;2.369E+00;1.802E-03;4.712E+00;1.670E-01
5.025E-01;4.657E-04;2.569E+00;8.837E-04;2.385E+00;2.041E-03;4.741E+00;1.676E-01
5.345E-01;4.444E-04;2.586E+00;7.441E-04;2.401E+00;2.324E-03;4.771E+00;1.667E-01
5.700E-01;4.225E-04;2.603E+00;6.018E-04;2.416E+00;2.603E-03;4.800E+00;1.673E-01
6.090E-01;3.845E-04;2.619E+00;4.565E-04;2.432E+00;2.879E-03;4.830E+00;1.638E-01
6.515E-01;3.392E-04;2.635E+00;3.081E-04;2.448E+00;3.330E-03;4.860E+00;1.631E-01
6.990E-01;2.944E-04;2.650E+00;1.561E-04;2.463E+00;3.775E-03;4.891E+00;1.623E-01
7.510E-01;2.532E-04;2.665E+00;0.000E+00;2.478E+00;3.787E-03;4.922E+00;1.575E-01
8.080E-01;2.088E-04;2.681E+00;0.000E+00;2.492E+00;3.784E-03;4.953E+00;1.582E-01
8.705E-01;1.761E-04;2.697E+00;0.000E+00;2.506E+00;3.779E-03;4.985E+00;1.589E-01
9.390E-01;1.428E-04;2.713E+00;0.000E+00;2.520E+00;3.776E-03;5.015E+00;1.583E-01
1.013E+00;1.123E-04;2.729E+00;0.000E+00;2.535E+00;3.769E-03;5.050E+00;1.577E-01
1.093E+00;8.439E-05;2.746E+00;0.000E+00;2.550E+00;3.330E-03;5.080E+00;1.584E-01
1.179E+00;6.690E-05;2.764E+00;0.000E+00;2.566E+00;2.856E-03;5.115E+00;1.579E-01
1.271E+00;5.181E-05;2.782E+00;0.000E+00;2.583E+00;2.590E-03;5.150E+00;1.561E-01
1.367E+00;4.505E-05;2.800E+00;0.000E+00;2.600E+00;2.322E-03;5.180E+00;1.598E-01
1.468E+00;4.382E-05;2.820E+00;0.000E+00;2.617E+00;2.082E-03;5.215E+00;1.594E-01
1.573E+00;4.518E-05;2.839E+00;0.000E+00;2.635E+00;1.852E-03;5.250E+00;1.592E-01
1.675E+00;4.969E-05;2.859E+00;0.000E+00;2.652E+00;1.860E-03;5.285E+00;1.630E-01
1.773E+00;5.954E-05;2.879E+00;0.000E+00;2.669E+00;1.901E-03;5.320E+00;1.603E-01
1.865E+00;6.396E-05;2.899E+00;0.000E+00;2.687E+00;2.179E-03;5.355E+00;1.598E-01
1.949E+00;7.324E-05;2.919E+00;0.000E+00;2.704E+00;2.690E-03;5.390E+00;1.576E-01
2.024E+00;6.987E-05;2.939E+00;0.000E+00;2.721E+00;3.197E-03;5.425E+00;1.572E-01
2.089E+00;6.619E-05;2.959E+00;0.000E+00;2.738E+00;3.900E-03;5.460E+00;1.565E-01
2.143E+00;6.212E-05;2.979E+00;0.000E+00;2.754E+00;4.599E-03;5.495E+00;1.588E-01
2.187E+00;5.754E-05;2.999E+00;1.560E-04;2.769E+00;4.857E-03;5.530E+00;1.632E-01
2.221E+00;5.229E-05;3.020E+00;3.022E-04;2.785E+00;5.113E-03;5.570E+00;1.627E-01
2.245E+00;4.617E-05;3.040E+00;4.496E-04;2.800E+00;5.585E-03;5.610E+00;1.644E-01
2.259E+00;3.885E-05;3.061E+00;5.995E-04;2.816E+00;6.051E-03;5.650E+00;1.668E-01
2.275E+00;2.989E-05;3.082E+00;7.533E-04;2.832E+00;6.504E-03;5.690E+00;1.668E-01
2.290E+00;1.849E-05;3.102E+00;9.061E-04;2.848E+00;6.934E-03;5.735E+00;1.716E-01
2.305E+00;1.091E-05;3.123E+00;1.069E-03;2.865E+00;6.900E-03;5.780E+00;1.725E-01
2.321E+00;0.000E+00;3.145E+00;1.392E-03;2.881E+00;6.630E-03;5.825E+00;1.762E-01
2.338E+00;0.000E+00;3.168E+00;1.707E-03;2.898E+00;6.360E-03;5.875E+00;1.782E-01
2.354E+00;0.000E+00;3.190E+00;2.024E-03;2.915E+00;6.094E-03;5.920E+00;1.774E-01
2.371E+00;0.000E+00;3.211E+00;2.328E-03;2.932E+00;5.828E-03;5.970E+00;1.745E-01
2.389E+00;0.000E+00;3.233E+00;2.325E-03;2.950E+00;5.783E-03;6.020E+00;1.697E-01
2.406E+00;0.000E+00;3.254E+00;2.342E-03;2.967E+00;5.738E-03;6.070E+00;1.707E-01
2.423E+00;0.000E+00;3.275E+00;2.359E-03;2.985E+00;5.253E-03;6.120E+00;1.690E-01
2.440E+00;0.000E+00;3.296E+00;2.372E-03;3.003E+00;4.760E-03;6.165E+00;1.655E-01
2.456E+00;0.000E+00;3.318E+00;2.382E-03;3.021E+00;4.271E-03;6.220E+00;1.636E-01
2.472E+00;0.000E+00;3.341E+00;2.393E-03;3.040E+00;3.787E-03;6.270E+00;1.603E-01
2.488E+00;0.000E+00;3.364E+00;2.395E-03;3.059E+00;3.529E-03;6.320E+00;1.590E-01
2.504E+00;0.000E+00;3.385E+00;2.072E-03;3.079E+00;3.087E-03;6.375E+00;1.560E-01
2.520E+00;0.000E+00;3.407E+00;1.757E-03;3.099E+00;2.648E-03;6.430E+00;1.520E-01
2.535E+00;0.000E+00;3.428E+00;1.440E-03;3.121E+00;2.210E-03;6.480E+00;1.500E-01
2.549E+00;0.000E+00;3.450E+00;1.136E-03;3.144E+00;1.946E-03;6.540E+00;1.492E-01
2.564E+00;0.000E+00;3.472E+00;9.833E-04;3.166E+00;1.702E-03;6.595E+00;1.498E-01
2.578E+00;0.000E+00;3.494E+00;8.194E-04;3.189E+00;1.638E-03;6.660E+00;1.430E-01
2.593E+00;0.000E+00;3.516E+00;6.559E-04;3.212E+00;1.782E-03;6.720E+00;1.395E-01
2.608E+00;0.000E+00;3.537E+00;4.925E-04;3.237E+00;1.957E-03;6.785E+00;1.366E-01
2.623E+00;0.000E+00;3.559E+00;3.288E-04;3.261E+00;2.126E-03;6.845E+00;1.333E-01
2.639E+00;0.000E+00;3.579E+00;1.646E-04;3.287E+00;2.279E-03;6.910E+00;1.323E-01
2.654E+00;0.000E+00;3.600E+00;0.000E+00;3.312E+00;2.433E-03;6.975E+00;1.322E-01
2.670E+00;0.000E+00;3.620E+00;0.000E+00;3.337E+00;2.952E-03;7.035E+00;1.342E-01
2.687E+00;0.000E+00;3.641E+00;0.000E+00;3.363E+00;3.450E-03;7.105E+00;1.356E-01
2.704E+00;0.000E+00;3.663E+00;0.000E+00;3.388E+00;3.952E-03;7.175E+00;1.359E-01
2.721E+00;0.000E+00;3.685E+00;1.545E-04;3.413E+00;4.132E-03;7.245E+00;1.340E-01
2.739E+00;0.000E+00;3.707E+00;3.079E-04;3.440E+00;4.455E-03;7.315E+00;1.314E-01
2.756E+00;0.000E+00;3.729E+00;4.605E-04;3.467E+00;4.438E-03;7.385E+00;1.346E-01
2.774E+00;0.000E+00;3.752E+00;6.123E-04;3.493E+00;4.439E-03;7.455E+00;1.348E-01
2.792E+00;0.000E+00;3.776E+00;7.568E-04;3.521E+00;4.417E-03;7.530E+00;1.368E-01
2.810E+00;0.000E+00;3.801E+00;9.005E-04;3.549E+00;4.409E-03;7.600E+00;1.382E-01
2.828E+00;0.000E+00;3.827E+00;1.044E-03;3.576E+00;4.431E-03;7.675E+00;1.364E-01
2.847E+00;0.000E+00;3.853E+00;1.181E-03;3.605E+00;4.450E-03;7.755E+00;1.338E-01
2.867E+00;0.000E+00;3.879E+00;1.318E-03;3.634E+00;4.284E-03;7.835E+00;1.284E-01
2.887E+00;0.000E+00;3.906E+00;1.448E-03;3.662E+00;4.345E-03;7.915E+00;1.249E-01
2.907E+00;0.000E+00;3.935E+00;1.585E-03;3.691E+00;4.399E-03;7.995E+00;1.221E-01
2.927E+00;0.000E+00;3.963E+00;1.430E-03;3.719E+00;4.588E-03;8.075E+00;1.204E-01
2.948E+00;0.000E+00;3.992E+00;1.277E-03;3.746E+00;4.458E-03;8.150E+00;1.214E-01
2.968E+00;0.000E+00;4.023E+00;1.124E-03;3.774E+00;4.486E-03;8.230E+00;1.194E-01
2.988E+00;0.000E+00;4.054E+00;9.725E-04;3.802E+00;4.491E-03;8.310E+00;1.205E-01
3.008E+00;0.000E+00;4.086E+00;8.281E-04;3.829E+00;4.512E-03;8.395E+00;1.181E-01
3.028E+00;0.000E+00;4.118E+00;6.843E-04;3.857E+00;4.525E-03;8.485E+00;1.174E-01
3.048E+00;0.000E+00;4.149E+00;5.410E-04;3.886E+00;4.515E-03;8.570E+00;1.173E-01
3.068E+00;0.000E+00;4.181E+00;4.036E-04;3.914E+00;4.497E-03;8.650E+00;1.150E-01
3.088E+00;0.000E+00;4.213E+00;2.667E-04;3.943E+00;4.316E-03;8.735E+00;1.142E-01
3.106E+00;0.000E+00;4.246E+00;1.368E-04;3.973E+00;3.926E-03;8.815E+00;1.134E-01
3.126E+00;0.000E+00;4.278E+00;0.000E+00;4.002E+00;3.536E-03;8.900E+00;1.124E-01
3.147E+00;0.000E+00;4.309E+00;1.595E-04;4.031E+00;3.167E-03;8.980E+00;1.141E-01
3.169E+00;0.000E+00;4.341E+00;3.118E-04;4.062E+00;2.977E-03;9.060E+00;1.140E-01
3.190E+00;0.000E+00;4.372E+00;4.639E-04;4.093E+00;2.788E-03;9.145E+00;1.133E-01
3.212E+00;0.000E+00;4.403E+00;7.705E-04;4.125E+00;2.612E-03;9.225E+00;1.107E-01
3.234E+00;0.000E+00;4.432E+00;1.078E-03;4.157E+00;2.595E-03;9.300E+00;1.104E-01
3.256E+00;0.000E+00;4.461E+00;1.387E-03;4.191E+00;2.575E-03;9.375E+00;1.075E-01
3.278E+00;0.000E+00;4.490E+00;1.695E-03;4.224E+00;2.561E-03;9.455E+00;1.065E-01
3.300E+00;0.000E+00;4.521E+00;2.003E-03;4.256E+00;2.570E-03;9.530E+00;1.079E-01
3.322E+00;0.000E+00;4.552E+00;2.310E-03;4.289E+00;2.768E-03;9.615E+00;1.084E-01
3.343E+00;0.000E+00;4.582E+00;2.618E-03;4.322E+00;2.784E-03;9.700E+00;1.095E-01
3.363E+00;0.000E+00;4.614E+00;2.910E-03;4.355E+00;2.998E-03;9.795E+00;1.108E-01
3.382E+00;0.000E+00;4.645E+00;2.895E-03;4.389E+00;3.190E-03;9.895E+00;1.085E-01
3.401E+00;0.000E+00;4.676E+00;2.895E-03;4.424E+00;3.359E-03;9.995E+00;1.058E-01
3.421E+00;0.000E+00;4.708E+00;2.895E-03;4.457E+00;3.542E-03;1.010E+01;1.042E-01
3.441E+00;0.000E+00;4.740E+00;2.588E-03;4.489E+00;3.720E-03;1.020E+01;1.025E-01
3.461E+00;0.000E+00;4.772E+00;2.281E-03;4.521E+00;3.553E-03;1.030E+01;9.999E-02
3.481E+00;0.000E+00;4.806E+00;1.972E-03;4.553E+00;3.561E-03;1.041E+01;9.989E-02
3.502E+00;0.000E+00;4.840E+00;1.663E-03;4.586E+00;3.579E-03;1.051E+01;9.763E-02
3.523E+00;0.000E+00;4.874E+00;1.356E-03;4.622E+00;3.582E-03;1.061E+01;9.505E-02
3.543E+00;0.000E+00;4.908E+00;1.048E-03;4.656E+00;3.556E-03;1.072E+01;9.305E-02
3.565E+00;0.000E+00;4.942E+00;7.408E-04;4.692E+00;3.716E-03;1.083E+01;8.884E-02
3.588E+00;0.000E+00;4.978E+00;4.491E-04;4.727E+00;3.515E-03;1.093E+01;8.664E-02
3.611E+00;0.000E+00;5.015E+00;3.039E-04;4.763E+00;3.517E-03;1.103E+01;8.455E-02
3.635E+00;0.000E+00;5.050E+00;1.517E-04;4.799E+00;3.551E-03;1.114E+01;8.234E-02
3.660E+00;0.000E+00;5.090E+00;0.000E+00;4.835E+00;3.574E-03;1.124E+01;8.148E-02
3.685E+00;0.000E+00;5.125E+00;0.000E+00;4.872E+00;3.609E-03;1.134E+01;8.217E-02
3.710E+00;0.000E+00;5.165E+00;0.000E+00;4.910E+00;3.819E-03;1.146E+01;8.377E-02
3.736E+00;0.000E+00;5.205E+00;0.000E+00;4.946E+00;3.669E-03;1.157E+01;8.393E-02
3.764E+00;0.000E+00;5.245E+00;0.000E+00;4.982E+00;3.702E-03;1.168E+01;8.501E-02
3.793E+00;0.000E+00;5.285E+00;0.000E+00;5.015E+00;3.731E-03;1.181E+01;8.572E-02
3.823E+00;0.000E+00;5.325E+00;0.000E+00;5.050E+00;3.782E-03;1.193E+01;8.624E-02
3.852E+00;0.000E+00;5.365E+00;0.000E+00;5.085E+00;3.816E-03;1.205E+01;8.897E-02
3.882E+00;0.000E+00;5.405E+00;0.000E+00;5.120E+00;4.018E-03;1.218E+01;8.912E-02
3.911E+00;0.000E+00;5.445E+00;0.000E+00;5.155E+00;4.044E-03;1.231E+01;9.099E-02
3.941E+00;0.000E+00;5.485E+00;0.000E+00;5.190E+00;4.046E-03;1.245E+01;9.235E-02
3.972E+00;0.000E+00;5.530E+00;0.000E+00;5.230E+00;4.043E-03;1.260E+01;9.325E-02
4.003E+00;0.000E+00;5.575E+00;2.662E-04;5.265E+00;4.043E-03;1.275E+01;9.251E-02
4.035E+00;0.000E+00;5.620E+00;5.224E-04;5.300E+00;4.028E-03;1.290E+01;9.202E-02
4.068E+00;0.000E+00;5.660E+00;7.754E-04;5.335E+00;4.388E-03;1.305E+01;9.039E-02
4.099E+00;0.000E+00;5.705E+00;1.026E-03;5.375E+00;4.379E-03;1.321E+01;8.972E-02
4.130E+00;0.000E+00;5.750E+00;1.289E-03;5.410E+00;4.370E-03;1.336E+01;8.841E-02
4.160E+00;0.000E+00;5.800E+00;1.541E-03;5.450E+00;4.342E-03;1.353E+01;8.881E-02
4.191E+00;0.000E+00;5.845E+00;1.791E-03;5.485E+00;4.341E-03;1.369E+01;8.725E-02
4.220E+00;0.000E+00;5.890E+00;2.161E-03;5.525E+00;4.506E-03;1.386E+01;8.596E-02
4.249E+00;0.000E+00;5.940E+00;2.550E-03;5.565E+00;4.482E-03;1.403E+01;8.400E-02
4.277E+00;0.000E+00;5.990E+00;2.924E-03;5.605E+00;4.475E-03;1.421E+01;8.322E-02
4.305E+00;0.000E+00;6.040E+00;3.293E-03;5.645E+00;4.467E-03;1.439E+01;8.112E-02
4.331E+00;0.000E+00;6.085E+00;3.149E-03;5.685E+00;4.441E-03;1.457E+01;8.011E-02
4.358E+00;0.000E+00;6.140E+00;3.021E-03;5.725E+00;4.628E-03;1.476E+01;7.736E-02
4.383E+00;0.000E+00;6.190E+00;2.891E-03;5.765E+00;4.429E-03;1.494E+01;7.754E-02
4.409E+00;0.000E+00;6.240E+00;2.762E-03;5.810E+00;4.409E-03;1.513E+01;7.747E-02
4.434E+00;0.000E+00;6.290E+00;2.619E-03;5.850E+00;4.404E-03;1.532E+01;8.139E-02
4.460E+00;0.000E+00;6.345E+00;2.620E-03;5.890E+00;4.579E-03;1.550E+01;8.408E-02
4.487E+00;0.000E+00;6.400E+00;2.614E-03;5.935E+00;4.732E-03;1.568E+01;8.670E-02
4.513E+00;0.000E+00;6.450E+00;2.364E-03;5.980E+00;4.555E-03;1.584E+01;9.097E-02
4.540E+00;0.000E+00;6.505E+00;2.093E-03;6.025E+00;4.546E-03;1.600E+01;9.443E-02
4.567E+00;0.000E+00;6.560E+00;1.845E-03;6.065E+00;4.529E-03;1.614E+01;9.665E-02
4.595E+00;0.000E+00;6.620E+00;1.597E-03;6.110E+00;4.712E-03;1.630E+01;9.966E-02
4.623E+00;0.000E+00;6.675E+00;1.713E-03;6.155E+00;4.891E-03;1.647E+01;1.023E-01
4.651E+00;0.000E+00;6.730E+00;1.821E-03;6.200E+00;4.687E-03;1.664E+01;1.057E-01
4.679E+00;0.000E+00;6.790E+00;1.946E-03;6.245E+00;4.876E-03;1.682E+01;1.069E-01
4.708E+00;0.000E+00;6.850E+00;2.067E-03;6.295E+00;5.038E-03;1.702E+01;1.087E-01
4.737E+00;0.000E+00;6.905E+00;2.185E-03;6.340E+00;5.176E-03;1.724E+01;1.045E-01
4.767E+00;0.000E+00;6.965E+00;2.050E-03;6.385E+00;4.979E-03;1.748E+01;9.872E-02
4.797E+00;0.000E+00;7.025E+00;1.924E-03;6.435E+00;4.778E-03;1.772E+01;9.544E-02
4.827E+00;0.000E+00;7.090E+00;1.921E-03;6.480E+00;4.878E-03;1.797E+01;8.976E-02
4.857E+00;0.000E+00;7.150E+00;1.918E-03;6.530E+00;4.989E-03;1.823E+01;8.507E-02
4.888E+00;0.000E+00;7.210E+00;1.909E-03;6.580E+00;5.091E-03;1.849E+01;8.155E-02
4.919E+00;0.000E+00;7.275E+00;1.910E-03;6.630E+00;4.849E-03;1.875E+01;7.765E-02
4.951E+00;0.000E+00;7.335E+00;1.672E-03;6.680E+00;4.615E-03;1.900E+01;7.456E-02
4.983E+00;0.000E+00;7.400E+00;1.436E-03;6.735E+00;4.716E-03;1.925E+01;7.246E-02
5.015E+00;0.000E+00;7.470E+00;1.187E-03;6.795E+00;4.458E-03;1.950E+01;7.157E-02
5.045E+00;0.000E+00;7.535E+00;1.057E-03;6.850E+00;4.223E-03;1.974E+01;6.815E-02
5.080E+00;0.000E+00;7.605E+00;9.308E-04;6.910E+00;4.002E-03;1.997E+01;6.824E-02
5.115E+00;0.000E+00;7.665E+00;9.189E-04;6.970E+00;3.942E-03;2.018E+01;7.046E-02
5.145E+00;0.000E+00;7.735E+00;9.098E-04;7.030E+00;4.055E-03;2.041E+01;7.102E-02
5.180E+00;0.000E+00;7.800E+00;9.012E-04;7.090E+00;3.886E-03;2.063E+01;7.355E-02
5.215E+00;0.000E+00;7.875E+00;8.897E-04;7.155E+00;3.725E-03;2.087E+01;7.542E-02
5.250E+00;0.000E+00;7.950E+00;8.762E-04;7.225E+00;3.560E-03;2.112E+01;7.636E-02
5.280E+00;0.000E+00;8.025E+00;8.532E-04;7.290E+00;3.530E-03;2.136E+01;7.810E-02
5.320E+00;0.000E+00;8.100E+00;9.517E-04;7.360E+00;3.501E-03;2.161E+01;7.848E-02
5.355E+00;0.000E+00;8.180E+00;1.053E-03;7.425E+00;3.183E-03;2.187E+01;7.831E-02
5.390E+00;0.000E+00;8.260E+00;1.156E-03;7.490E+00;3.323E-03;2.213E+01;7.824E-02
5.430E+00;0.000E+00;8.340E+00;1.044E-03;7.555E+00;3.468E-03;2.239E+01;8.030E-02
5.465E+00;0.000E+00;8.425E+00;9.325E-04;7.625E+00;3.621E-03;2.265E+01;8.162E-02
5.505E+00;0.000E+00;8.515E+00;9.371E-04;7.700E+00;3.762E-03;2.291E+01;8.157E-02
5.545E+00;0.000E+00;8.605E+00;9.392E-04;7.770E+00;3.585E-03;2.318E+01;8.163E-02
5.585E+00;0.000E+00;8.695E+00;9.373E-04;7.845E+00;3.552E-03;2.345E+01;8.131E-02
5.630E+00;0.000E+00;8.780E+00;9.395E-04;7.920E+00;3.642E-03;2.372E+01;8.135E-02
5.670E+00;0.000E+00;8.865E+00;1.049E-03;7.995E+00;3.759E-03;2.401E+01;8.150E-02
5.715E+00;0.000E+00;8.950E+00;1.155E-03;8.065E+00;3.895E-03;2.429E+01;7.964E-02
5.760E+00;0.000E+00;9.035E+00;1.264E-03;8.140E+00;4.177E-03;2.458E+01;8.048E-02
5.805E+00;0.000E+00;9.120E+00;1.363E-03;8.225E+00;4.582E-03;2.487E+01;8.058E-02
5.850E+00;0.000E+00;9.210E+00;1.456E-03;8.305E+00;4.539E-03;2.515E+01;7.876E-02
5.900E+00;0.000E+00;9.300E+00;1.646E-03;8.390E+00;4.489E-03;2.544E+01;7.745E-02
5.950E+00;0.000E+00;9.390E+00;1.831E-03;8.470E+00;4.427E-03;2.576E+01;7.636E-02
6.000E+00;0.000E+00;9.485E+00;1.812E-03;8.550E+00;4.523E-03;2.608E+01;7.583E-02
6.050E+00;0.000E+00;9.585E+00;1.792E-03;8.635E+00;4.778E-03;2.641E+01;7.452E-02
6.105E+00;0.000E+00;9.685E+00;1.780E-03;8.720E+00;5.042E-03;2.674E+01;7.295E-02
6.160E+00;0.000E+00;9.785E+00;1.767E-03;8.810E+00;5.034E-03;2.707E+01;7.172E-02
6.215E+00;0.000E+00;9.895E+00;1.555E-03;8.900E+00;5.114E-03;2.739E+01;7.268E-02
6.270E+00;0.000E+00;1.001E+01;1.446E-03;8.995E+00;5.198E-03;2.773E+01;7.592E-02
6.330E+00;0.000E+00;1.012E+01;1.334E-03;9.090E+00;5.015E-03;2.808E+01;7.491E-02
6.390E+00;0.000E+00;1.024E+01;1.230E-03;9.180E+00;4.867E-03;2.845E+01;7.448E-02
6.450E+00;0.000E+00;1.035E+01;1.132E-03;9.270E+00;4.892E-03;2.881E+01;7.707E-02
6.505E+00;0.000E+00;1.047E+01;1.136E-03;9.370E+00;4.921E-03;2.917E+01;7.771E-02
6.565E+00;0.000E+00;1.058E+01;1.147E-03;9.470E+00;4.959E-03;2.952E+01;7.813E-02
6.625E+00;0.000E+00;1.070E+01;1.255E-03;9.570E+00;4.701E-03;2.987E+01;7.836E-02
6.685E+00;0.000E+00;1.081E+01;1.363E-03;9.670E+00;4.437E-03;3.023E+01;7.961E-02
6.750E+00;0.000E+00;1.093E+01;1.468E-03;9.770E+00;4.291E-03;3.059E+01;7.985E-02
6.815E+00;0.000E+00;1.105E+01;1.576E-03;9.865E+00;4.297E-03;3.095E+01;8.063E-02
6.880E+00;0.000E+00;1.117E+01;1.781E-03;9.960E+00;4.080E-03;3.132E+01;8.001E-02
6.950E+00;0.000E+00;1.129E+01;1.790E-03;1.006E+01;4.119E-03;3.169E+01;7.859E-02
7.015E+00;1.463E-04;1.140E+01;1.799E-03;1.016E+01;4.288E-03;3.208E+01;7.931E-02
7.080E+00;2.936E-04;1.152E+01;1.809E-03;1.027E+01;4.419E-03;3.250E+01;8.130E-02
7.150E+00;4.478E-04;1.164E+01;1.819E-03;1.037E+01;4.380E-03;3.294E+01;7.989E-02
7.215E+00;5.955E-04;1.176E+01;1.732E-03;1.048E+01;4.336E-03;3.339E+01;8.003E-02
7.285E+00;7.467E-04;1.188E+01;1.643E-03;1.058E+01;4.419E-03;3.383E+01;7.933E-02
7.360E+00;9.024E-04;1.200E+01;1.545E-03;1.069E+01;4.677E-03;3.427E+01;7.986E-02
7.435E+00;1.053E-03;1.212E+01;1.444E-03;1.079E+01;5.098E-03;3.472E+01;8.005E-02
7.510E+00;1.197E-03;1.224E+01;1.344E-03;1.090E+01;5.272E-03;3.518E+01;8.227E-02
7.580E+00;1.337E-03;1.236E+01;1.240E-03;1.102E+01;5.425E-03;3.568E+01;8.470E-02
7.655E+00;1.485E-03;1.248E+01;1.131E-03;1.114E+01;5.696E-03;3.618E+01;8.534E-02
7.730E+00;1.634E-03;1.260E+01;1.121E-03;1.125E+01;5.435E-03;3.669E+01;8.557E-02
7.805E+00;1.488E-03;1.273E+01;1.111E-03;1.137E+01;5.146E-03;3.720E+01;8.692E-02
7.880E+00;1.340E-03;1.286E+01;1.104E-03;1.148E+01;4.992E-03;3.767E+01;8.608E-02
7.960E+00;1.186E-03;1.300E+01;1.185E-03;1.159E+01;5.127E-03;3.817E+01;8.729E-02
8.040E+00;1.188E-03;1.314E+01;1.270E-03;1.170E+01;5.285E-03;3.873E+01;8.855E-02
8.120E+00;1.184E-03;1.328E+01;1.360E-03;1.182E+01;5.174E-03;3.933E+01;8.953E-02
8.200E+00;1.171E-03;1.343E+01;1.465E-03;1.193E+01;5.164E-03;3.991E+01;9.033E-02
8.280E+00;1.160E-03;1.357E+01;1.572E-03;1.206E+01;4.860E-03;4.052E+01;9.114E-02
8.360E+00;1.156E-03;1.372E+01;1.688E-03;1.219E+01;4.667E-03;4.116E+01;9.073E-02
8.445E+00;1.164E-03;1.387E+01;1.804E-03;1.231E+01;4.502E-03;4.179E+01;8.846E-02
8.525E+00;1.160E-03;1.402E+01;1.918E-03;1.244E+01;4.334E-03;4.242E+01;8.816E-02
8.610E+00;1.159E-03;1.417E+01;2.018E-03;1.257E+01;4.446E-03;4.309E+01;8.869E-02
8.695E+00;1.306E-03;1.431E+01;2.120E-03;1.270E+01;4.585E-03;4.376E+01;8.806E-02
8.785E+00;1.449E-03;1.446E+01;2.216E-03;1.283E+01;4.497E-03;4.445E+01;8.876E-02
8.875E+00;1.600E-03;1.460E+01;2.224E-03;1.297E+01;4.280E-03;4.512E+01;8.954E-02
8.965E+00;1.451E-03;1.474E+01;2.131E-03;1.311E+01;4.183E-03;4.577E+01;8.877E-02
9.055E+00;1.303E-03;1.489E+01;2.030E-03;1.325E+01;4.203E-03;4.650E+01;9.013E-02
9.140E+00;1.161E-03;1.505E+01;1.924E-03;1.338E+01;3.948E-03;4.725E+01;8.970E-02
9.230E+00;1.021E-03;1.520E+01;1.821E-03;1.352E+01;3.824E-03;4.802E+01;8.922E-02
9.325E+00;8.814E-04;1.537E+01;1.704E-03;1.365E+01;3.840E-03;4.882E+01;8.928E-02
9.415E+00;7.326E-04;1.553E+01;1.591E-03;1.377E+01;3.835E-03;4.964E+01;8.970E-02
9.505E+00;5.895E-04;1.570E+01;1.484E-03;1.390E+01;3.821E-03;5.050E+01;8.901E-02
9.595E+00;4.410E-04;1.586E+01;1.405E-03;1.404E+01;3.798E-03;5.140E+01;8.832E-02
9.685E+00;2.934E-04;1.603E+01;1.320E-03;1.418E+01;3.783E-03;5.230E+01;8.874E-02
9.775E+00;1.508E-04;1.619E+01;1.239E-03;1.433E+01;3.876E-03;5.325E+01;8.942E-02
9.865E+00;0.000E+00;1.637E+01;1.041E-03;1.448E+01;4.061E-03;5.420E+01;8.917E-02
9.955E+00;0.000E+00;1.654E+01;1.053E-03;1.463E+01;4.093E-03;5.520E+01;8.962E-02
1.005E+01;0.000E+00;1.670E+01;1.067E-03;1.480E+01;4.148E-03;5.615E+01;8.855E-02
1.015E+01;0.000E+00;1.685E+01;1.076E-03;1.496E+01;4.368E-03;5.715E+01;8.935E-02
1.026E+01;0.000E+00;1.701E+01;1.081E-03;1.511E+01;4.601E-03;5.815E+01;8.985E-02
1.037E+01;0.000E+00;1.717E+01;1.091E-03;1.528E+01;4.593E-03;5.915E+01;9.289E-02
1.049E+01;0.000E+00;1.733E+01;1.099E-03;1.545E+01;4.589E-03;6.025E+01;9.731E-02
1.060E+01;1.499E-04;1.749E+01;1.101E-03;1.563E+01;4.866E-03;6.130E+01;1.039E-01
1.072E+01;3.096E-04;1.766E+01;1.092E-03;1.581E+01;5.121E-03;6.245E+01;1.094E-01
1.084E+01;4.819E-04;1.782E+01;1.084E-03;1.598E+01;5.358E-03;6.365E+01;1.122E-01
1.095E+01;6.498E-04;1.800E+01;1.179E-03;1.616E+01;5.595E-03;6.485E+01;1.134E-01
1.106E+01;8.223E-04;1.817E+01;1.382E-03;1.633E+01;5.500E-03;6.610E+01;1.157E-01
1.118E+01;9.925E-04;1.835E+01;1.376E-03;1.651E+01;5.305E-03;6.735E+01;1.179E-01
1.128E+01;1.156E-03;1.853E+01;1.369E-03;1.668E+01;5.422E-03;6.860E+01;1.202E-01
1.139E+01;1.322E-03;1.871E+01;1.357E-03;1.686E+01;5.524E-03;6.995E+01;1.216E-01
1.148E+01;1.485E-03;1.889E+01;1.443E-03;1.704E+01;5.616E-03;7.140E+01;1.235E-01
1.158E+01;1.647E-03;1.908E+01;1.540E-03;1.722E+01;5.914E-03;7.300E+01;1.205E-01
1.168E+01;1.811E-03;1.928E+01;1.631E-03;1.740E+01;6.278E-03;7.465E+01;1.164E-01
1.178E+01;1.661E-03;1.947E+01;1.822E-03;1.758E+01;6.095E-03;7.645E+01;1.107E-01
1.189E+01;1.501E-03;1.967E+01;2.009E-03;1.774E+01;6.040E-03;7.845E+01;1.053E-01
1.199E+01;1.329E-03;1.988E+01;2.200E-03;1.790E+01;5.970E-03;8.090E+01;1.017E-01
1.210E+01;1.161E-03;2.009E+01;2.192E-03;1.807E+01;5.904E-03;8.375E+01;9.855E-02
1.221E+01;9.885E-04;2.030E+01;2.192E-03;1.825E+01;6.153E-03;8.685E+01;9.451E-02
1.232E+01;8.182E-04;2.051E+01;2.285E-03;1.845E+01;6.545E-03;9.015E+01;9.074E-02
1.243E+01;6.546E-04;2.073E+01;2.379E-03;1.866E+01;6.510E-03;9.360E+01;8.699E-02
1.255E+01;4.883E-04;2.095E+01;2.483E-03;1.888E+01;6.575E-03;9.720E+01;8.344E-02
1.266E+01;3.252E-04;2.117E+01;2.384E-03;1.911E+01;6.636E-03;1.009E+02;7.830E-02
1.278E+01;1.635E-04;2.139E+01;2.274E-03;1.934E+01;6.491E-03;1.048E+02;7.427E-02
1.290E+01;0.000E+00;2.161E+01;2.175E-03;1.959E+01;6.276E-03;1.089E+02;6.637E-02
1.302E+01;0.000E+00;2.184E+01;1.878E-03;1.983E+01;6.442E-03;1.144E+02;6.439E-02
1.314E+01;0.000E+00;2.207E+01;1.584E-03;2.007E+01;6.405E-03;1.182E+02;6.229E-02
1.327E+01;0.000E+00;2.230E+01;1.386E-03;2.032E+01;6.393E-03;1.211E+02;5.955E-02
1.339E+01;0.000E+00;2.255E+01;1.372E-03;2.057E+01;6.482E-03;1.241E+02;5.692E-02
1.351E+01;0.000E+00;2.279E+01;1.357E-03;2.083E+01;6.393E-03;1.278E+02;5.394E-02
1.364E+01;0.000E+00;2.303E+01;1.352E-03;2.110E+01;6.354E-03;;
1.376E+01;0.000E+00;2.328E+01;1.354E-03;2.137E+01;6.323E-03;;
1.390E+01;1.391E-04;2.352E+01;1.348E-03;2.164E+01;6.095E-03;;
1.404E+01;2.787E-04;2.377E+01;1.439E-03;2.191E+01;5.964E-03;;
1.418E+01;4.165E-04;2.404E+01;1.528E-03;2.219E+01;6.070E-03;;
1.432E+01;5.526E-04;2.430E+01;1.612E-03;2.246E+01;6.197E-03;;
1.447E+01;6.948E-04;2.457E+01;1.874E-03;2.275E+01;6.207E-03;;
1.462E+01;8.358E-04;2.483E+01;2.135E-03;2.305E+01;6.268E-03;;
1.477E+01;9.808E-04;2.509E+01;2.202E-03;2.334E+01;6.406E-03;;
1.492E+01;1.130E-03;2.537E+01;2.192E-03;2.365E+01;6.339E-03;;
1.508E+01;1.275E-03;2.566E+01;2.260E-03;2.395E+01;6.452E-03;;
1.524E+01;1.563E-03;2.595E+01;2.409E-03;2.424E+01;6.505E-03;;
1.540E+01;1.861E-03;2.626E+01;2.539E-03;2.455E+01;6.726E-03;;
1.556E+01;1.868E-03;2.658E+01;2.692E-03;2.488E+01;7.019E-03;;
1.571E+01;1.871E-03;2.691E+01;2.888E-03;2.523E+01;7.139E-03;;
1.587E+01;1.876E-03;2.724E+01;3.140E-03;2.558E+01;7.119E-03;;
1.602E+01;1.877E-03;2.757E+01;3.388E-03;2.595E+01;7.191E-03;;
1.619E+01;1.873E-03;2.791E+01;3.483E-03;2.631E+01;7.293E-03;;
1.634E+01;1.870E-03;2.826E+01;3.669E-03;2.669E+01;7.509E-03;;
1.651E+01;1.869E-03;2.860E+01;3.971E-03;2.709E+01;7.592E-03;;
1.667E+01;1.860E-03;2.891E+01;4.133E-03;2.750E+01;7.848E-03;;
1.684E+01;1.857E-03;2.926E+01;4.110E-03;2.792E+01;7.924E-03;;
1.702E+01;1.570E-03;2.961E+01;3.991E-03;2.833E+01;7.980E-03;;
1.720E+01;1.272E-03;2.996E+01;3.885E-03;2.874E+01;7.908E-03;;
1.738E+01;1.126E-03;3.031E+01;3.837E-03;2.917E+01;8.009E-03;;
1.756E+01;9.827E-04;3.065E+01;3.742E-03;2.963E+01;8.271E-03;;
1.774E+01;8.399E-04;3.103E+01;3.539E-03;3.011E+01;8.462E-03;;
1.792E+01;7.028E-04;3.144E+01;3.337E-03;3.061E+01;8.463E-03;;
1.810E+01;5.650E-04;3.189E+01;3.271E-03;3.112E+01;8.629E-03;;
1.829E+01;4.265E-04;3.233E+01;3.110E-03;3.162E+01;8.795E-03;;
1.847E+01;2.829E-04;3.278E+01;2.924E-03;3.214E+01;9.095E-03;;
1.867E+01;1.429E-04;3.326E+01;2.884E-03;3.267E+01;9.226E-03;;
1.889E+01;0.000E+00;3.371E+01;3.050E-03;3.322E+01;9.604E-03;;
1.911E+01;0.000E+00;3.417E+01;3.248E-03;3.377E+01;1.003E-02;;
1.936E+01;0.000E+00;3.466E+01;3.515E-03;3.432E+01;1.067E-02;;
1.963E+01;0.000E+00;3.517E+01;3.617E-03;3.484E+01;1.105E-02;;
1.993E+01;0.000E+00;3.569E+01;3.824E-03;3.537E+01;1.133E-02;;
2.023E+01;9.644E-05;3.619E+01;4.083E-03;3.596E+01;1.177E-02;;
2.055E+01;1.963E-04;3.667E+01;4.366E-03;3.661E+01;1.237E-02;;
2.088E+01;3.014E-04;3.712E+01;4.501E-03;3.729E+01;1.261E-02;;
2.122E+01;4.135E-04;3.760E+01;4.632E-03;3.798E+01;1.280E-02;;
2.157E+01;5.331E-04;3.809E+01;4.766E-03;3.866E+01;1.303E-02;;
2.190E+01;6.483E-04;3.857E+01;4.880E-03;3.937E+01;1.361E-02;;
2.224E+01;7.679E-04;3.906E+01;4.889E-03;4.009E+01;1.399E-02;;
2.256E+01;8.838E-04;3.962E+01;4.800E-03;4.082E+01;1.428E-02;;
2.287E+01;1.004E-03;4.020E+01;4.642E-03;4.153E+01;1.435E-02;;
2.317E+01;1.124E-03;4.081E+01;4.566E-03;4.225E+01;1.469E-02;;
2.345E+01;1.250E-03;4.143E+01;4.395E-03;4.295E+01;1.524E-02;;
2.375E+01;1.153E-03;4.206E+01;4.280E-03;4.359E+01;1.574E-02;;
2.404E+01;1.054E-03;4.270E+01;4.108E-03;4.421E+01;1.611E-02;;
2.434E+01;9.485E-04;4.338E+01;4.117E-03;4.487E+01;1.675E-02;;
2.463E+01;8.364E-04;4.406E+01;4.130E-03;4.561E+01;1.744E-02;;
2.493E+01;7.168E-04;4.477E+01;4.135E-03;4.649E+01;1.807E-02;;
2.522E+01;6.016E-04;4.549E+01;4.222E-03;4.750E+01;1.858E-02;;
2.551E+01;4.819E-04;4.625E+01;4.233E-03;4.852E+01;1.919E-02;;
2.581E+01;3.660E-04;4.696E+01;4.407E-03;4.960E+01;2.008E-02;;
2.610E+01;2.454E-04;4.764E+01;4.523E-03;5.070E+01;2.118E-02;;
2.638E+01;1.258E-04;4.833E+01;4.841E-03;5.190E+01;2.221E-02;;
2.666E+01;0.000E+00;4.906E+01;5.160E-03;5.310E+01;2.315E-02;;
2.695E+01;0.000E+00;4.978E+01;5.483E-03;5.435E+01;2.408E-02;;
2.728E+01;0.000E+00;5.050E+01;5.889E-03;5.560E+01;2.508E-02;;
2.763E+01;0.000E+00;5.125E+01;6.192E-03;5.690E+01;2.591E-02;;
2.798E+01;0.000E+00;5.210E+01;6.516E-03;5.815E+01;2.669E-02;;
2.833E+01;0.000E+00;5.300E+01;6.865E-03;5.940E+01;2.761E-02;;
2.871E+01;0.000E+00;5.395E+01;7.084E-03;6.050E+01;2.831E-02;;
2.909E+01;0.000E+00;5.495E+01;7.535E-03;6.180E+01;2.892E-02;;
2.950E+01;0.000E+00;5.595E+01;7.825E-03;6.315E+01;2.919E-02;;
2.990E+01;0.000E+00;5.700E+01;8.221E-03;6.480E+01;2.922E-02;;
3.032E+01;0.000E+00;5.800E+01;8.456E-03;6.675E+01;2.914E-02;;
3.076E+01;0.000E+00;5.910E+01;8.759E-03;6.895E+01;2.898E-02;;
3.118E+01;0.000E+00;6.025E+01;8.995E-03;7.135E+01;2.884E-02;;
3.158E+01;0.000E+00;6.140E+01;9.096E-03;7.385E+01;2.867E-02;;
3.196E+01;0.000E+00;6.270E+01;9.350E-03;7.645E+01;2.863E-02;;
3.234E+01;0.000E+00;6.395E+01;9.605E-03;7.920E+01;2.829E-02;;
3.275E+01;0.000E+00;6.510E+01;9.949E-03;8.195E+01;2.779E-02;;
3.314E+01;1.086E-04;6.630E+01;1.036E-02;8.490E+01;2.805E-02;;
3.355E+01;2.069E-04;6.760E+01;1.059E-02;8.790E+01;2.534E-02;;
3.396E+01;2.982E-04;6.890E+01;1.104E-02;9.165E+01;2.501E-02;;
3.438E+01;3.889E-04;7.030E+01;1.174E-02;9.430E+01;2.475E-02;;
3.481E+01;4.824E-04;7.175E+01;1.232E-02;9.625E+01;2.442E-02;;
3.523E+01;5.726E-04;7.325E+01;1.293E-02;9.850E+01;2.399E-02;;
3.571E+01;6.625E-04;7.480E+01;1.351E-02;1.011E+02;2.333E-02;;
3.623E+01;7.536E-04;7.645E+01;1.420E-02;;;;
3.681E+01;8.419E-04;7.800E+01;1.461E-02;;;;
3.741E+01;9.310E-04;7.975E+01;1.501E-02;;;;
3.799E+01;1.019E-03;8.170E+01;1.524E-02;;;;
3.860E+01;9.102E-04;8.370E+01;1.553E-02;;;;
3.923E+01;8.118E-04;8.570E+01;1.582E-02;;;;
3.986E+01;8.304E-04;8.775E+01;1.582E-02;;;;
4.052E+01;9.454E-04;8.985E+01;1.539E-02;;;;
4.118E+01;1.049E-03;9.200E+01;1.463E-02;;;;
4.186E+01;1.264E-03;9.425E+01;1.403E-02;;;;
4.253E+01;1.474E-03;9.655E+01;1.362E-02;;;;
4.313E+01;1.771E-03;9.895E+01;1.252E-02;;;;
4.370E+01;2.078E-03;1.016E+02;1.111E-02;;;;
4.432E+01;2.366E-03;1.039E+02;1.067E-02;;;;
4.497E+01;2.653E-03;1.062E+02;1.022E-02;;;;
4.562E+01;3.017E-03;1.088E+02;9.553E-03;;;;
4.628E+01;3.446E-03;1.116E+02;8.729E-03;;;;
4.698E+01;3.664E-03;1.145E+02;7.889E-03;;;;
4.767E+01;3.704E-03;;;;;;
4.841E+01;3.748E-03;;;;;;
4.916E+01;3.673E-03;;;;;;
4.995E+01;3.573E-03;;;;;;
5.080E+01;3.298E-03;;;;;;
5.170E+01;3.150E-03;;;;;;
5.260E+01;3.007E-03;;;;;;
5.360E+01;2.865E-03;;;;;;
5.460E+01;2.735E-03;;;;;;
5.580E+01;2.489E-03;;;;;;
5.725E+01;2.344E-03;;;;;;
5.895E+01;2.370E-03;;;;;;
6.080E+01;2.399E-03;;;;;;
6.270E+01;2.483E-03;;;;;;
6.470E+01;2.623E-03;;;;;;
6.675E+01;2.897E-03;;;;;;
6.890E+01;3.037E-03;;;;;;
7.115E+01;3.230E-03;;;;;;
7.345E+01;3.421E-03;;;;;;
7.585E+01;3.730E-03;;;;;;
7.815E+01;4.252E-03;;;;;;
8.025E+01;4.813E-03;;;;;;
8.205E+01;5.154E-03;;;;;;
8.375E+01;5.431E-03;;;;;;
8.545E+01;5.785E-03;;;;;;
8.730E+01;6.144E-03;;;;;;
8.910E+01;6.811E-03;;;;;;
9.105E+01;6.635E-03;;;;;;
9.300E+01;6.208E-03;;;;;;
9.515E+01;6.363E-03;;;;;;
9.735E+01;6.407E-03;;;;;;
9.940E+01;6.237E-03;;;;;;
1.016E+02;5.959E-03;;;;;;
1.042E+02;5.830E-03;;;;;;
* WK7 plotted with a factor of x0.25 in the paper for visibility reasons
