frame,time_s,time_h,mechanism,frequency_hz,sigma_real_s_m,sigma_imag_s_m,residual_norm,solve_height_px,solve_width_px,downsample,water_sigma_real_s_m,water_sigma_imag_s_m,solid_sigma_real_s_m,solid_sigma_imag_s_m
1,1.0,0.0002777777777777778,maxwell,1.0,0.0066356195244329464,2.859375813463055e-09,2.1953872224657584e-15,53,144,8,0.013,4.448495197483147e-09,1e-08,4.726526147325844e-10
1,1.0,0.0002777777777777778,maxwell,2.5,0.006635619524455996,7.148439533672675e-09,2.007932513291969e-15,53,144,8,0.013,1.112123799370787e-08,1e-08,1.1816315368314611e-09
1,1.0,0.0002777777777777778,maxwell,10.0,0.006635619524451981,2.8593758134661907e-08,1.972733812549763e-15,53,144,8,0.013,4.448495197483148e-08,1e-08,4.7265261473258444e-09
1,1.0,0.0002777777777777778,maxwell,100.0,0.0066356195248494475,2.8593758133124805e-07,2.3734281301444254e-15,53,144,8,0.013,4.4484951974831477e-07,1e-08,4.7265261473258444e-08
1,1.0,0.0002777777777777778,maxwell,1000.0,0.0066356195616825145,2.859375797763e-06,2.103828501715696e-15,53,144,8,0.013,4.448495197483147e-06,1e-08,4.726526147325844e-07
1,1.0,0.0002777777777777778,maxwell,10000.0,0.006635623248863431,2.859374243144979e-05,2.157435587071717e-15,53,144,8,0.013,4.448495197483148e-05,1e-08,4.726526147325844e-06
1,1.0,0.0002777777777777778,grain,1.0,0.006636202157627632,6.290778631597708e-10,2.024586644933225e-15,53,144,8,0.013001141452696012,1.2324437141129773e-09,1e-08,0.0
1,1.0,0.0002777777777777778,grain,2.5,0.0066362021581959545,2.5163139167793466e-10,2.2925811446336416e-15,53,144,8,0.01300114145381379,4.929779683978142e-10,1e-08,0.0
1,1.0,0.0002777777777777778,grain,10.0,0.006636202158304552,6.290785891984088e-11,2.0633253458369822e-15,53,144,8,0.013001141454013394,1.232445136509348e-10,1e-08,0.0
1,1.0,0.0002777777777777778,grain,100.0,0.006636202158310649,6.290785964604334e-12,1.8221143826506747e-15,53,144,8,0.013001141454026567,1.2324451507333281e-11,1e-08,0.0
1,1.0,0.0002777777777777778,grain,1000.0,0.006636202158311282,6.290785965338357e-13,1.8007088471984783e-15,53,144,8,0.013001141454026699,1.2324451508755681e-12,1e-08,0.0
1,1.0,0.0002777777777777778,grain,10000.0,0.006636202158352877,6.290785965335147e-14,1.800034352558347e-15,53,144,8,0.0130011414540267,1.2324451508769903e-13,1e-08,0.0
1,1.0,0.0002777777777777778,all,1.0,0.006636202157660002,3.48845367676763e-09,2.0637656087773997e-15,53,144,8,0.013001141452696012,5.680938911596124e-09,1e-08,4.726526147325844e-10
1,1.0,0.0002777777777777778,all,2.5,0.006636202158221275,7.400070925674289e-09,1.9541378777831867e-15,53,144,8,0.01300114145381379,1.1614215962105683e-08,1e-08,1.1816315368314611e-09
1,1.0,0.0002777777777777778,all,10.0,0.006636202158314785,2.865666599478428e-08,2.0942019214000286e-15,53,144,8,0.013001141454013394,4.460819648848241e-08,1e-08,4.7265261473258444e-09
1,1.0,0.0002777777777777778,all,100.0,0.006636202158735969,2.859438721301434e-07,2.1372406086498222e-15,53,144,8,0.013001141454026567,4.448618441998221e-07,1e-08,4.7265261473258444e-08
1,1.0,0.0002777777777777778,all,1000.0,0.006636202195576454,2.8593764269965355e-06,2.393643295825304e-15,53,144,8,0.013001141454026699,4.448496429928298e-06,1e-08,4.726526147325844e-07
1,1.0,0.0002777777777777778,all,10000.0,0.0066362058824113316,2.859374249843654e-05,2.057879555590896e-15,53,144,8,0.0130011414540267,4.4484952098075994e-05,1e-08,4.726526147325844e-06
2,2.0,0.0005555555555555556,maxwell,1.0,0.0066356195244329464,2.859375813463055e-09,2.1953872224657584e-15,53,144,8,0.013,4.448495197483147e-09,1e-08,4.726526147325844e-10
2,2.0,0.0005555555555555556,maxwell,2.5,0.006635619524455996,7.148439533672675e-09,2.007932513291969e-15,53,144,8,0.013,1.112123799370787e-08,1e-08,1.1816315368314611e-09
2,2.0,0.0005555555555555556,maxwell,10.0,0.006635619524451981,2.8593758134661907e-08,1.972733812549763e-15,53,144,8,0.013,4.448495197483148e-08,1e-08,4.7265261473258444e-09
2,2.0,0.0005555555555555556,maxwell,100.0,0.0066356195248494475,2.8593758133124805e-07,2.3734281301444254e-15,53,144,8,0.013,4.4484951974831477e-07,1e-08,4.7265261473258444e-08
2,2.0,0.0005555555555555556,maxwell,1000.0,0.0066356195616825145,2.859375797763e-06,2.103828501715696e-15,53,144,8,0.013,4.448495197483147e-06,1e-08,4.726526147325844e-07
2,2.0,0.0005555555555555556,maxwell,10000.0,0.006635623248863431,2.859374243144979e-05,2.157435587071717e-15,53,144,8,0.013,4.448495197483148e-05,1e-08,4.726526147325844e-06
2,2.0,0.0005555555555555556,grain,1.0,0.006636202157627632,6.290778631597708e-10,2.024586644933225e-15,53,144,8,0.013001141452696012,1.2324437141129773e-09,1e-08,0.0
2,2.0,0.0005555555555555556,grain,2.5,0.0066362021581959545,2.5163139167793466e-10,2.2925811446336416e-15,53,144,8,0.01300114145381379,4.929779683978142e-10,1e-08,0.0
2,2.0,0.0005555555555555556,grain,10.0,0.006636202158304552,6.290785891984088e-11,2.0633253458369822e-15,53,144,8,0.013001141454013394,1.232445136509348e-10,1e-08,0.0
2,2.0,0.0005555555555555556,grain,100.0,0.006636202158310649,6.290785964604334e-12,1.8221143826506747e-15,53,144,8,0.013001141454026567,1.2324451507333281e-11,1e-08,0.0
2,2.0,0.0005555555555555556,grain,1000.0,0.006636202158311282,6.290785965338357e-13,1.8007088471984783e-15,53,144,8,0.013001141454026699,1.2324451508755681e-12,1e-08,0.0
2,2.0,0.0005555555555555556,grain,10000.0,0.006636202158352877,6.290785965335147e-14,1.800034352558347e-15,53,144,8,0.0130011414540267,1.2324451508769903e-13,1e-08,0.0
2,2.0,0.0005555555555555556,all,1.0,0.006636202157660002,3.48845367676763e-09,2.0637656087773997e-15,53,144,8,0.013001141452696012,5.680938911596124e-09,1e-08,4.726526147325844e-10
2,2.0,0.0005555555555555556,all,2.5,0.006636202158221275,7.400070925674289e-09,1.9541378777831867e-15,53,144,8,0.01300114145381379,1.1614215962105683e-08,1e-08,1.1816315368314611e-09
2,2.0,0.0005555555555555556,all,10.0,0.006636202158314785,2.865666599478428e-08,2.0942019214000286e-15,53,144,8,0.013001141454013394,4.460819648848241e-08,1e-08,4.7265261473258444e-09
2,2.0,0.0005555555555555556,all,100.0,0.006636202158735969,2.859438721301434e-07,2.1372406086498222e-15,53,144,8,0.013001141454026567,4.448618441998221e-07,1e-08,4.7265261473258444e-08
2,2.0,0.0005555555555555556,all,1000.0,0.006636202195576454,2.8593764269965355e-06,2.393643295825304e-15,53,144,8,0.013001141454026699,4.448496429928298e-06,1e-08,4.726526147325844e-07
2,2.0,0.0005555555555555556,all,10000.0,0.0066362058824113316,2.859374249843654e-05,2.057879555590896e-15,53,144,8,0.0130011414540267,4.4484952098075994e-05,1e-08,4.726526147325844e-06
3,4.0,0.0011111111111111111,maxwell,1.0,0.0066356195244329464,2.859375813463055e-09,2.1953872224657584e-15,53,144,8,0.013,4.448495197483147e-09,1e-08,4.726526147325844e-10
3,4.0,0.0011111111111111111,maxwell,2.5,0.006635619524455996,7.148439533672675e-09,2.007932513291969e-15,53,144,8,0.013,1.112123799370787e-08,1e-08,1.1816315368314611e-09
3,4.0,0.0011111111111111111,maxwell,10.0,0.006635619524451981,2.8593758134661907e-08,1.972733812549763e-15,53,144,8,0.013,4.448495197483148e-08,1e-08,4.7265261473258444e-09
3,4.0,0.0011111111111111111,maxwell,100.0,0.0066356195248494475,2.8593758133124805e-07,2.3734281301444254e-15,53,144,8,0.013,4.4484951974831477e-07,1e-08,4.7265261473258444e-08
3,4.0,0.0011111111111111111,maxwell,1000.0,0.0066356195616825145,2.859375797763e-06,2.103828501715696e-15,53,144,8,0.013,4.448495197483147e-06,1e-08,4.726526147325844e-07
3,4.0,0.0011111111111111111,maxwell,10000.0,0.006635623248863431,2.859374243144979e-05,2.157435587071717e-15,53,144,8,0.013,4.448495197483148e-05,1e-08,4.726526147325844e-06
3,4.0,0.0011111111111111111,grain,1.0,0.006636202157627632,6.290778631597708e-10,2.024586644933225e-15,53,144,8,0.013001141452696012,1.2324437141129773e-09,1e-08,0.0
3,4.0,0.0011111111111111111,grain,2.5,0.0066362021581959545,2.5163139167793466e-10,2.2925811446336416e-15,53,144,8,0.01300114145381379,4.929779683978142e-10,1e-08,0.0
3,4.0,0.0011111111111111111,grain,10.0,0.006636202158304552,6.290785891984088e-11,2.0633253458369822e-15,53,144,8,0.013001141454013394,1.232445136509348e-10,1e-08,0.0
3,4.0,0.0011111111111111111,grain,100.0,0.006636202158310649,6.290785964604334e-12,1.8221143826506747e-15,53,144,8,0.013001141454026567,1.2324451507333281e-11,1e-08,0.0
3,4.0,0.0011111111111111111,grain,1000.0,0.006636202158311282,6.290785965338357e-13,1.8007088471984783e-15,53,144,8,0.013001141454026699,1.2324451508755681e-12,1e-08,0.0
3,4.0,0.0011111111111111111,grain,10000.0,0.006636202158352877,6.290785965335147e-14,1.800034352558347e-15,53,144,8,0.0130011414540267,1.2324451508769903e-13,1e-08,0.0
3,4.0,0.0011111111111111111,all,1.0,0.006636202157660002,3.48845367676763e-09,2.0637656087773997e-15,53,144,8,0.013001141452696012,5.680938911596124e-09,1e-08,4.726526147325844e-10
3,4.0,0.0011111111111111111,all,2.5,0.006636202158221275,7.400070925674289e-09,1.9541378777831867e-15,53,144,8,0.01300114145381379,1.1614215962105683e-08,1e-08,1.1816315368314611e-09
3,4.0,0.0011111111111111111,all,10.0,0.006636202158314785,2.865666599478428e-08,2.0942019214000286e-15,53,144,8,0.013001141454013394,4.460819648848241e-08,1e-08,4.7265261473258444e-09
3,4.0,0.0011111111111111111,all,100.0,0.006636202158735969,2.859438721301434e-07,2.1372406086498222e-15,53,144,8,0.013001141454026567,4.448618441998221e-07,1e-08,4.7265261473258444e-08
3,4.0,0.0011111111111111111,all,1000.0,0.006636202195576454,2.8593764269965355e-06,2.393643295825304e-15,53,144,8,0.013001141454026699,4.448496429928298e-06,1e-08,4.726526147325844e-07
3,4.0,0.0011111111111111111,all,10000.0,0.0066362058824113316,2.859374249843654e-05,2.057879555590896e-15,53,144,8,0.0130011414540267,4.4484952098075994e-05,1e-08,4.726526147325844e-06
4,8.0,0.0022222222222222222,maxwell,1.0,0.0066356195244329464,2.859375813463055e-09,2.1953872224657584e-15,53,144,8,0.013,4.448495197483147e-09,1e-08,4.726526147325844e-10
4,8.0,0.0022222222222222222,maxwell,2.5,0.006635619524455996,7.148439533672675e-09,2.007932513291969e-15,53,144,8,0.013,1.112123799370787e-08,1e-08,1.1816315368314611e-09
4,8.0,0.0022222222222222222,maxwell,10.0,0.006635619524451981,2.8593758134661907e-08,1.972733812549763e-15,53,144,8,0.013,4.448495197483148e-08,1e-08,4.7265261473258444e-09
4,8.0,0.0022222222222222222,maxwell,100.0,0.0066356195248494475,2.8593758133124805e-07,2.3734281301444254e-15,53,144,8,0.013,4.4484951974831477e-07,1e-08,4.7265261473258444e-08
4,8.0,0.0022222222222222222,maxwell,1000.0,0.0066356195616825145,2.859375797763e-06,2.103828501715696e-15,53,144,8,0.013,4.448495197483147e-06,1e-08,4.726526147325844e-07
4,8.0,0.0022222222222222222,maxwell,10000.0,0.006635623248863431,2.859374243144979e-05,2.157435587071717e-15,53,144,8,0.013,4.448495197483148e-05,1e-08,4.726526147325844e-06
4,8.0,0.0022222222222222222,grain,1.0,0.006636202157627632,6.290778631597708e-10,2.024586644933225e-15,53,144,8,0.013001141452696012,1.2324437141129773e-09,1e-08,0.0
4,8.0,0.0022222222222222222,grain,2.5,0.0066362021581959545,2.5163139167793466e-10,2.2925811446336416e-15,53,144,8,0.01300114145381379,4.929779683978142e-10,1e-08,0.0
4,8.0,0.0022222222222222222,grain,10.0,0.006636202158304552,6.290785891984088e-11,2.0633253458369822e-15,53,144,8,0.013001141454013394,1.232445136509348e-10,1e-08,0.0
4,8.0,0.0022222222222222222,grain,100.0,0.006636202158310649,6.290785964604334e-12,1.8221143826506747e-15,53,144,8,0.013001141454026567,1.2324451507333281e-11,1e-08,0.0
4,8.0,0.0022222222222222222,grain,1000.0,0.006636202158311282,6.290785965338357e-13,1.8007088471984783e-15,53,144,8,0.013001141454026699,1.2324451508755681e-12,1e-08,0.0
4,8.0,0.0022222222222222222,grain,10000.0,0.006636202158352877,6.290785965335147e-14,1.800034352558347e-15,53,144,8,0.0130011414540267,1.2324451508769903e-13,1e-08,0.0
4,8.0,0.0022222222222222222,all,1.0,0.006636202157660002,3.48845367676763e-09,2.0637656087773997e-15,53,144,8,0.013001141452696012,5.680938911596124e-09,1e-08,4.726526147325844e-10
4,8.0,0.0022222222222222222,all,2.5,0.006636202158221275,7.400070925674289e-09,1.9541378777831867e-15,53,144,8,0.01300114145381379,1.1614215962105683e-08,1e-08,1.1816315368314611e-09
4,8.0,0.0022222222222222222,all,10.0,0.006636202158314785,2.865666599478428e-08,2.0942019214000286e-15,53,144,8,0.013001141454013394,4.460819648848241e-08,1e-08,4.7265261473258444e-09
4,8.0,0.0022222222222222222,all,100.0,0.006636202158735969,2.859438721301434e-07,2.1372406086498222e-15,53,144,8,0.013001141454026567,4.448618441998221e-07,1e-08,4.7265261473258444e-08
4,8.0,0.0022222222222222222,all,1000.0,0.006636202195576454,2.8593764269965355e-06,2.393643295825304e-15,53,144,8,0.013001141454026699,4.448496429928298e-06,1e-08,4.726526147325844e-07
4,8.0,0.0022222222222222222,all,10000.0,0.0066362058824113316,2.859374249843654e-05,2.057879555590896e-15,53,144,8,0.0130011414540267,4.4484952098075994e-05,1e-08,4.726526147325844e-06
5,16.0,0.0044444444444444444,maxwell,1.0,0.0066356195244329464,2.859375813463055e-09,2.1953872224657584e-15,53,144,8,0.013,4.448495197483147e-09,1e-08,4.726526147325844e-10
5,16.0,0.0044444444444444444,maxwell,2.5,0.006635619524455996,7.148439533672675e-09,2.007932513291969e-15,53,144,8,0.013,1.112123799370787e-08,1e-08,1.1816315368314611e-09
5,16.0,0.0044444444444444444,maxwell,10.0,0.006635619524451981,2.8593758134661907e-08,1.972733812549763e-15,53,144,8,0.013,4.448495197483148e-08,1e-08,4.7265261473258444e-09
5,16.0,0.0044444444444444444,maxwell,100.0,0.0066356195248494475,2.8593758133124805e-07,2.3734281301444254e-15,53,144,8,0.013,4.4484951974831477e-07,1e-08,4.7265261473258444e-08
5,16.0,0.0044444444444444444,maxwell,1000.0,0.0066356195616825145,2.859375797763e-06,2.103828501715696e-15,53,144,8,0.013,4.448495197483147e-06,1e-08,4.726526147325844e-07
5,16.0,0.0044444444444444444,maxwell,10000.0,0.006635623248863431,2.859374243144979e-05,2.157435587071717e-15,53,144,8,0.013,4.448495197483148e-05,1e-08,4.726526147325844e-06
5,16.0,0.0044444444444444444,grain,1.0,0.006636202157627632,6.290778631597708e-10,2.024586644933225e-15,53,144,8,0.013001141452696012,1.2324437141129773e-09,1e-08,0.0
5,16.0,0.0044444444444444444,grain,2.5,0.0066362021581959545,2.5163139167793466e-10,2.2925811446336416e-15,53,144,8,0.01300114145381379,4.929779683978142e-10,1e-08,0.0
5,16.0,0.0044444444444444444,grain,10.0,0.006636202158304552,6.290785891984088e-11,2.0633253458369822e-15,53,144,8,0.013001141454013394,1.232445136509348e-10,1e-08,0.0
5,16.0,0.0044444444444444444,grain,100.0,0.006636202158310649,6.290785964604334e-12,1.8221143826506747e-15,53,144,8,0.013001141454026567,1.2324451507333281e-11,1e-08,0.0
5,16.0,0.0044444444444444444,grain,1000.0,0.006636202158311282,6.290785965338357e-13,1.8007088471984783e-15,53,144,8,0.013001141454026699,1.2324451508755681e-12,1e-08,0.0
5,16.0,0.0044444444444444444,grain,10000.0,0.006636202158352877,6.290785965335147e-14,1.800034352558347e-15,53,144,8,0.0130011414540267,1.2324451508769903e-13,1e-08,0.0
5,16.0,0.0044444444444444444,all,1.0,0.006636202157660002,3.48845367676763e-09,2.0637656087773997e-15,53,144,8,0.013001141452696012,5.680938911596124e-09,1e-08,4.726526147325844e-10
5,16.0,0.0044444444444444444,all,2.5,0.006636202158221275,7.400070925674289e-09,1.9541378777831867e-15,53,144,8,0.01300114145381379,1.1614215962105683e-08,1e-08,1.1816315368314611e-09
5,16.0,0.0044444444444444444,all,10.0,0.006636202158314785,2.865666599478428e-08,2.0942019214000286e-15,53,144,8,0.013001141454013394,4.460819648848241e-08,1e-08,4.7265261473258444e-09
5,16.0,0.0044444444444444444,all,100.0,0.006636202158735969,2.859438721301434e-07,2.1372406086498222e-15,53,144,8,0.013001141454026567,4.448618441998221e-07,1e-08,4.7265261473258444e-08
5,16.0,0.0044444444444444444,all,1000.0,0.006636202195576454,2.8593764269965355e-06,2.393643295825304e-15,53,144,8,0.013001141454026699,4.448496429928298e-06,1e-08,4.726526147325844e-07
5,16.0,0.0044444444444444444,all,10000.0,0.0066362058824113316,2.859374249843654e-05,2.057879555590896e-15,53,144,8,0.0130011414540267,4.4484952098075994e-05,1e-08,4.726526147325844e-06
6,32.0,0.008888888888888889,maxwell,1.0,0.0066356195244329464,2.859375813463055e-09,2.1953872224657584e-15,53,144,8,0.013,4.448495197483147e-09,1e-08,4.726526147325844e-10
6,32.0,0.008888888888888889,maxwell,2.5,0.006635619524455996,7.148439533672675e-09,2.007932513291969e-15,53,144,8,0.013,1.112123799370787e-08,1e-08,1.1816315368314611e-09
6,32.0,0.008888888888888889,maxwell,10.0,0.006635619524451981,2.8593758134661907e-08,1.972733812549763e-15,53,144,8,0.013,4.448495197483148e-08,1e-08,4.7265261473258444e-09
6,32.0,0.008888888888888889,maxwell,100.0,0.0066356195248494475,2.8593758133124805e-07,2.3734281301444254e-15,53,144,8,0.013,4.4484951974831477e-07,1e-08,4.7265261473258444e-08
6,32.0,0.008888888888888889,maxwell,1000.0,0.0066356195616825145,2.859375797763e-06,2.103828501715696e-15,53,144,8,0.013,4.448495197483147e-06,1e-08,4.726526147325844e-07
6,32.0,0.008888888888888889,maxwell,10000.0,0.006635623248863431,2.859374243144979e-05,2.157435587071717e-15,53,144,8,0.013,4.448495197483148e-05,1e-08,4.726526147325844e-06
6,32.0,0.008888888888888889,grain,1.0,0.006636202157627632,6.290778631597708e-10,2.024586644933225e-15,53,144,8,0.013001141452696012,1.2324437141129773e-09,1e-08,0.0
6,32.0,0.008888888888888889,grain,2.5,0.0066362021581959545,2.5163139167793466e-10,2.2925811446336416e-15,53,144,8,0.01300114145381379,4.929779683978142e-10,1e-08,0.0
6,32.0,0.008888888888888889,grain,10.0,0.006636202158304552,6.290785891984088e-11,2.0633253458369822e-15,53,144,8,0.013001141454013394,1.232445136509348e-10,1e-08,0.0
6,32.0,0.008888888888888889,grain,100.0,0.006636202158310649,6.290785964604334e-12,1.8221143826506747e-15,53,144,8,0.013001141454026567,1.2324451507333281e-11,1e-08,0.0
6,32.0,0.008888888888888889,grain,1000.0,0.006636202158311282,6.290785965338357e-13,1.8007088471984783e-15,53,144,8,0.013001141454026699,1.2324451508755681e-12,1e-08,0.0
6,32.0,0.008888888888888889,grain,10000.0,0.006636202158352877,6.290785965335147e-14,1.800034352558347e-15,53,144,8,0.0130011414540267,1.2324451508769903e-13,1e-08,0.0
6,32.0,0.008888888888888889,all,1.0,0.006636202157660002,3.48845367676763e-09,2.0637656087773997e-15,53,144,8,0.013001141452696012,5.680938911596124e-09,1e-08,4.726526147325844e-10
6,32.0,0.008888888888888889,all,2.5,0.006636202158221275,7.400070925674289e-09,1.9541378777831867e-15,53,144,8,0.01300114145381379,1.1614215962105683e-08,1e-08,1.1816315368314611e-09
6,32.0,0.008888888888888889,all,10.0,0.006636202158314785,2.865666599478428e-08,2.0942019214000286e-15,53,144,8,0.013001141454013394,4.460819648848241e-08,1e-08,4.7265261473258444e-09
6,32.0,0.008888888888888889,all,100.0,0.006636202158735969,2.859438721301434e-07,2.1372406086498222e-15,53,144,8,0.013001141454026567,4.448618441998221e-07,1e-08,4.7265261473258444e-08
6,32.0,0.008888888888888889,all,1000.0,0.006636202195576454,2.8593764269965355e-06,2.393643295825304e-15,53,144,8,0.013001141454026699,4.448496429928298e-06,1e-08,4.726526147325844e-07
6,32.0,0.008888888888888889,all,10000.0,0.0066362058824113316,2.859374249843654e-05,2.057879555590896e-15,53,144,8,0.0130011414540267,4.4484952098075994e-05,1e-08,4.726526147325844e-06
7,64.0,0.017777777777777778,maxwell,1.0,0.0066356195244329464,2.859375813463055e-09,2.1953872224657584e-15,53,144,8,0.013,4.448495197483147e-09,1e-08,4.726526147325844e-10
7,64.0,0.017777777777777778,maxwell,2.5,0.006635619524455996,7.148439533672675e-09,2.007932513291969e-15,53,144,8,0.013,1.112123799370787e-08,1e-08,1.1816315368314611e-09
7,64.0,0.017777777777777778,maxwell,10.0,0.006635619524451981,2.8593758134661907e-08,1.972733812549763e-15,53,144,8,0.013,4.448495197483148e-08,1e-08,4.7265261473258444e-09
7,64.0,0.017777777777777778,maxwell,100.0,0.0066356195248494475,2.8593758133124805e-07,2.3734281301444254e-15,53,144,8,0.013,4.4484951974831477e-07,1e-08,4.7265261473258444e-08
7,64.0,0.017777777777777778,maxwell,1000.0,0.0066356195616825145,2.859375797763e-06,2.103828501715696e-15,53,144,8,0.013,4.448495197483147e-06,1e-08,4.726526147325844e-07
7,64.0,0.017777777777777778,maxwell,10000.0,0.006635623248863431,2.859374243144979e-05,2.157435587071717e-15,53,144,8,0.013,4.448495197483148e-05,1e-08,4.726526147325844e-06
7,64.0,0.017777777777777778,grain,1.0,0.006636202157627632,6.290778631597708e-10,2.024586644933225e-15,53,144,8,0.013001141452696012,1.2324437141129773e-09,1e-08,0.0
7,64.0,0.017777777777777778,grain,2.5,0.0066362021581959545,2.5163139167793466e-10,2.2925811446336416e-15,53,144,8,0.01300114145381379,4.929779683978142e-10,1e-08,0.0
7,64.0,0.017777777777777778,grain,10.0,0.006636202158304552,6.290785891984088e-11,2.0633253458369822e-15,53,144,8,0.013001141454013394,1.232445136509348e-10,1e-08,0.0
7,64.0,0.017777777777777778,grain,100.0,0.006636202158310649,6.290785964604334e-12,1.8221143826506747e-15,53,144,8,0.013001141454026567,1.2324451507333281e-11,1e-08,0.0
7,64.0,0.017777777777777778,grain,1000.0,0.006636202158311282,6.290785965338357e-13,1.8007088471984783e-15,53,144,8,0.013001141454026699,1.2324451508755681e-12,1e-08,0.0
7,64.0,0.017777777777777778,grain,10000.0,0.006636202158352877,6.290785965335147e-14,1.800034352558347e-15,53,144,8,0.0130011414540267,1.2324451508769903e-13,1e-08,0.0
7,64.0,0.017777777777777778,all,1.0,0.006636202157660002,3.48845367676763e-09,2.0637656087773997e-15,53,144,8,0.013001141452696012,5.680938911596124e-09,1e-08,4.726526147325844e-10
7,64.0,0.017777777777777778,all,2.5,0.006636202158221275,7.400070925674289e-09,1.9541378777831867e-15,53,144,8,0.01300114145381379,1.1614215962105683e-08,1e-08,1.1816315368314611e-09
7,64.0,0.017777777777777778,all,10.0,0.006636202158314785,2.865666599478428e-08,2.0942019214000286e-15,53,144,8,0.013001141454013394,4.460819648848241e-08,1e-08,4.7265261473258444e-09
7,64.0,0.017777777777777778,all,100.0,0.006636202158735969,2.859438721301434e-07,2.1372406086498222e-15,53,144,8,0.013001141454026567,4.448618441998221e-07,1e-08,4.7265261473258444e-08
7,64.0,0.017777777777777778,all,1000.0,0.006636202195576454,2.8593764269965355e-06,2.393643295825304e-15,53,144,8,0.013001141454026699,4.448496429928298e-06,1e-08,4.726526147325844e-07
7,64.0,0.017777777777777778,all,10000.0,0.0066362058824113316,2.859374249843654e-05,2.057879555590896e-15,53,144,8,0.0130011414540267,4.4484952098075994e-05,1e-08,4.726526147325844e-06
8,128.0,0.035555555555555556,maxwell,1.0,0.0066356195244329464,2.859375813463055e-09,2.1953872224657584e-15,53,144,8,0.013,4.448495197483147e-09,1e-08,4.726526147325844e-10
8,128.0,0.035555555555555556,maxwell,2.5,0.006635619524455996,7.148439533672675e-09,2.007932513291969e-15,53,144,8,0.013,1.112123799370787e-08,1e-08,1.1816315368314611e-09
8,128.0,0.035555555555555556,maxwell,10.0,0.006635619524451981,2.8593758134661907e-08,1.972733812549763e-15,53,144,8,0.013,4.448495197483148e-08,1e-08,4.7265261473258444e-09
8,128.0,0.035555555555555556,maxwell,100.0,0.0066356195248494475,2.8593758133124805e-07,2.3734281301444254e-15,53,144,8,0.013,4.4484951974831477e-07,1e-08,4.7265261473258444e-08
8,128.0,0.035555555555555556,maxwell,1000.0,0.0066356195616825145,2.859375797763e-06,2.103828501715696e-15,53,144,8,0.013,4.448495197483147e-06,1e-08,4.726526147325844e-07
8,128.0,0.035555555555555556,maxwell,10000.0,0.006635623248863431,2.859374243144979e-05,2.157435587071717e-15,53,144,8,0.013,4.448495197483148e-05,1e-08,4.726526147325844e-06
8,128.0,0.035555555555555556,grain,1.0,0.0066362021576786365,6.29394446491225e-10,2.268553011800928e-15,53,144,8,0.013001141452694672,1.2330639411991634e-09,1e-08,0.0
8,128.0,0.035555555555555556,grain,2.5,0.006636202158187004,2.5175802537936065e-10,2.456907633858211e-15,53,144,8,0.013001141453813576,4.93226059961492e-10,1e-08,0.0
8,128.0,0.035555555555555556,grain,10.0,0.006636202158297603,6.29395173623902e-11,2.1296753213238987e-15,53,144,8,0.01300114145401338,1.2330653657440807e-10,1e-08,0.0
8,128.0,0.035555555555555556,grain,100.0,0.006636202158310649,6.293951808934277e-12,1.8221143826506747e-15,53,144,8,0.013001141454026567,1.2330653799895464e-11,1e-08,0.0
8,128.0,0.035555555555555556,grain,1000.0,0.006636202158311282,6.293951809665261e-13,1.8007088471984783e-15,53,144,8,0.013001141454026699,1.2330653801320015e-12,1e-08,0.0
8,128.0,0.035555555555555556,grain,10000.0,0.006636202158352877,6.293951809679488e-14,1.800034352558347e-15,53,144,8,0.0130011414540267,1.2330653801334254e-13,1e-08,0.0
8,128.0,0.035555555555555556,all,1.0,0.006636202157644645,3.4887702600969808e-09,1.9312998993608823e-15,53,144,8,0.013001141452694672,5.68155913868231e-09,1e-08,4.726526147325844e-10
8,128.0,0.035555555555555556,all,2.5,0.0066362021582189465,7.4001975594018285e-09,2.032894868304055e-15,53,144,8,0.013001141453813576,1.161446405366936e-08,1e-08,1.1816315368314611e-09
8,128.0,0.035555555555555556,all,10.0,0.006636202158301931,2.8656697653266116e-08,2.3358823014709913e-15,53,144,8,0.01300114145401338,4.4608258511405884e-08,1e-08,4.7265261473258444e-09
8,128.0,0.035555555555555556,all,100.0,0.00663620215873371,2.8594387529653375e-07,2.18183141459207e-15,53,144,8,0.013001141454026567,4.4486185040211467e-07,1e-08,4.7265261473258444e-08
8,128.0,0.035555555555555556,all,1000.0,0.006636202195609858,2.8593764272967985e-06,2.1698297517717185e-15,53,144,8,0.013001141454026699,4.448496430548527e-06,1e-08,4.726526147325844e-07
8,128.0,0.035555555555555556,all,10000.0,0.0066362058824070485,2.859374249845971e-05,2.166655728725252e-15,53,144,8,0.0130011414540267,4.448495209813802e-05,1e-08,4.726526147325844e-06
9,256.0,0.07111111111111111,maxwell,1.0,0.0066468421610972475,2.863472085702652e-09,2.1915184021218813e-15,53,144,8,0.013,4.448495197483147e-09,1e-08,4.726526147325844e-10
9,256.0,0.07111111111111111,maxwell,2.5,0.006646842161119992,7.158680214271248e-09,1.9995163848426156e-15,53,144,8,0.013,1.112123799370787e-08,1e-08,1.1816315368314611e-09
9,256.0,0.07111111111111111,maxwell,10.0,0.0066468421611159435,2.8634720857056932e-08,1.9960582437786038e-15,53,144,8,0.013,4.448495197483148e-08,1e-08,4.7265261473258444e-09
9,256.0,0.07111111111111111,maxwell,100.0,0.006646842161515644,2.8634720855511194e-07,2.3529270895311724e-15,53,144,8,0.013,4.4484951974831477e-07,1e-08,4.7265261473258444e-08
9,256.0,0.07111111111111111,maxwell,1000.0,0.006646842198497622,2.863472069933052e-06,2.132872113888355e-15,53,144,8,0.013,4.448495197483147e-06,1e-08,4.726526147325844e-07
9,256.0,0.07111111111111111,maxwell,10000.0,0.006646845900561219,2.8634705084153214e-05,2.1563318119969392e-15,53,144,8,0.013,4.448495197483148e-05,1e-08,4.726526147325844e-06
9,256.0,0.07111111111111111,grain,1.0,0.006647418068738097,6.249912758863548e-10,1.90400681765937e-15,53,144,8,0.013001126371412467,1.2223702055358203e-09,1e-08,0.0
9,256.0,0.07111111111111111,grain,2.5,0.006647418069258962,2.4999675767035055e-10,2.124550983928957e-15,53,144,8,0.01300112637252677,4.889485659233903e-10,1e-08,0.0
9,256.0,0.07111111111111111,grain,10.0,0.006647418069420882,6.249920045856535e-11,2.0518686106572255e-15,53,144,8,0.013001126372725751,1.222371630750273e-10,1e-08,0.0
9,256.0,0.07111111111111111,grain,100.0,0.006647418069408673,6.249920118745898e-12,1.813491994345979e-15,53,144,8,0.013001126372738885,1.2223716450024344e-11,1e-08,0.0
9,256.0,0.07111111111111111,grain,1000.0,0.006647418069408041,6.249920119454217e-13,1.7754082022255298e-15,53,144,8,0.013001126372739017,1.222371645144956e-12,1e-08,0.0
9,256.0,0.07111111111111111,grain,10000.0,0.006647418069408041,6.249920119515742e-14,1.7754082022255298e-15,53,144,8,0.013001126372739017,1.222371645146381e-13,1e-08,0.0
9,256.0,0.07111111111111111,all,1.0,0.0066474180687341455,3.488463361721942e-09,1.9722166395471983e-15,53,144,8,0.013001126371412467,5.670865403018967e-09,1e-08,4.726526147325844e-10
9,256.0,0.07111111111111111,all,2.5,0.006647418069302088,7.4086769722862805e-09,2.2374452763027318e-15,53,144,8,0.01300112637252677,1.161018655963126e-08,1e-08,1.1816315368314611e-09
9,256.0,0.07111111111111111,all,10.0,0.006647418069401105,2.8697220058831933e-08,1.9782321084109882e-15,53,144,8,0.013001126372725751,4.460718913790651e-08,1e-08,4.7265261473258444e-09
9,256.0,0.07111111111111111,all,100.0,0.006647418069803171,2.8635345848846375e-07,2.2812239624282485e-15,53,144,8,0.013001126372738885,4.448617434647648e-07,1e-08,4.7265261473258444e-08
9,256.0,0.07111111111111111,all,1000.0,0.006647418106775746,2.8634726950502006e-06,2.2447661649524903e-15,53,144,8,0.013001126372739017,4.448496419854792e-06,1e-08,4.726526147325844e-07
9,256.0,0.07111111111111111,all,10000.0,0.006647421808540162,2.8634705150750078e-05,2.3346786360099472e-15,53,144,8,0.013001126372739017,4.448495209706865e-05,1e-08,4.726526147325844e-06
10,512.0,0.14222222222222222,maxwell,1.0,0.0067615377166544526,2.8990926608808473e-09,2.1992882841023364e-15,53,144,8,0.013,4.448495197483147e-09,1e-08,4.726526147325844e-10
10,512.0,0.14222222222222222,maxwell,2.5,0.006761537716677259,7.247731652216734e-09,1.9452736793754145e-15,53,144,8,0.013,1.112123799370787e-08,1e-08,1.1816315368314611e-09
10,512.0,0.14222222222222222,maxwell,10.0,0.006761537716673156,2.8990926608838396e-08,1.9747158374618316e-15,53,144,8,0.013,4.448495197483148e-08,1e-08,4.7265261473258444e-09
10,512.0,0.14222222222222222,maxwell,100.0,0.006761537717079001,2.899092660726876e-07,2.4154425742794347e-15,53,144,8,0.013,4.4484951974831477e-07,1e-08,4.7265261473258444e-08
10,512.0,0.14222222222222222,maxwell,1000.0,0.0067615377545628425,2.8990926448423937e-06,2.183537717869716e-15,53,144,8,0.013,4.448495197483147e-06,1e-08,4.726526147325844e-07
10,512.0,0.14222222222222222,maxwell,10000.0,0.00676154150696848,2.899091056732844e-05,2.174960794621698e-15,53,144,8,0.013,4.448495197483148e-05,1e-08,4.726526147325844e-06
10,512.0,0.14222222222222222,grain,1.0,0.0067621102398375465,6.414841167244416e-10,2.2836490423211823e-15,53,144,8,0.013001100757662025,1.2333450083497345e-09,1e-08,0.0
10,512.0,0.14222222222222222,grain,2.5,0.006762110240384581,2.5659391727481845e-10,2.339624946705649e-15,53,144,8,0.013001100758822822,4.933385235867893e-10,1e-08,0.0
10,512.0,0.14222222222222222,grain,10.0,0.006762110240485092,6.414849139931838e-11,2.0116978029991e-15,53,144,8,0.013001100759030108,1.2333465412203405e-10,1e-08,0.0
10,512.0,0.14222222222222222,grain,100.0,0.006762110240552417,6.4148492196489386e-12,1.817769368849168e-15,53,144,8,0.01300110075904379,1.2333465565490652e-11,1e-08,0.0
10,512.0,0.14222222222222222,grain,1000.0,0.00676211024050833,6.414849220444905e-13,1.874038811742267e-15,53,144,8,0.013001100759043926,1.233346556702353e-12,1e-08,0.0
10,512.0,0.14222222222222222,grain,10000.0,0.00676211024050833,6.414849220456581e-14,1.874038811742267e-15,53,144,8,0.013001100759043926,1.2333465567038853e-13,1e-08,0.0
10,512.0,0.14222222222222222,all,1.0,0.006762110239802969,3.5405767777373656e-09,1.9675822197894305e-15,53,144,8,0.013001100757662025,5.681840205832882e-09,1e-08,4.726526147325844e-10
10,512.0,0.14222222222222222,all,2.5,0.006762110240412939,7.50432556982256e-09,2.1353950687922355e-15,53,144,8,0.013001100758822822,1.1614576517294658e-08,1e-08,1.1816315368314611e-09
10,512.0,0.14222222222222222,all,10.0,0.006762110240556582,2.9055075101446594e-08,2.062478061875327e-15,53,144,8,0.013001100759030108,4.460828662895351e-08,1e-08,4.7265261473258444e-09
10,512.0,0.14222222222222222,all,100.0,0.0067621102408940755,2.899156809344734e-07,2.0979665512393023e-15,53,144,8,0.01300110075904379,4.4486185321388024e-07,1e-08,4.7265261473258444e-08
10,512.0,0.14222222222222222,all,1000.0,0.006762110278430061,2.899093286475272e-06,2.222942871684102e-15,53,144,8,0.013001100759043926,4.448496430829703e-06,1e-08,4.726526147325844e-07
10,512.0,0.14222222222222222,all,10000.0,0.006762114030479113,2.899091063552582e-05,2.1189727628596394e-15,53,144,8,0.013001100759043926,4.448495209816614e-05,1e-08,4.726526147325844e-06
11,1024.0,0.28444444444444444,maxwell,1.0,0.007232341152726693,3.0238054544010144e-09,2.3088487447504705e-15,53,144,8,0.013,4.448495197483147e-09,1e-08,4.726526147325844e-10
11,1024.0,0.28444444444444444,maxwell,2.5,0.007232341152750279,7.559513636018569e-09,2.077747141046705e-15,53,144,8,0.013,1.112123799370787e-08,1e-08,1.1816315368314611e-09
11,1024.0,0.28444444444444444,maxwell,10.0,0.007232341152745704,3.0238054544045384e-08,2.046516068416578e-15,53,144,8,0.013,4.448495197483148e-08,1e-08,4.7265261473258444e-09
11,1024.0,0.28444444444444444,maxwell,100.0,0.007232341153138057,3.0238054542549245e-07,2.4246251717373504e-15,53,144,8,0.013,4.4484951974831477e-07,1e-08,4.7265261473258444e-08
11,1024.0,0.28444444444444444,maxwell,1000.0,0.007232341189072359,3.023805439073105e-06,2.152164651055672e-15,53,144,8,0.013,4.448495197483147e-06,1e-08,4.726526147325844e-07
11,1024.0,0.28444444444444444,maxwell,10000.0,0.007232344786844281,3.02380392130908e-05,2.2240465072086734e-15,53,144,8,0.013,4.448495197483148e-05,1e-08,4.726526147325844e-06
11,1024.0,0.28444444444444444,grain,1.0,0.00723294182918638,7.318334499506679e-10,2.019596915193076e-15,53,144,8,0.01300107970662298,1.3154592581831217e-09,1e-08,0.0
11,1024.0,0.28444444444444444,grain,2.5,0.00723294182992107,2.9273374498099027e-10,2.1342720557654876e-15,53,144,8,0.013001079707969236,5.261843593578565e-10,1e-08,0.0
11,1024.0,0.28444444444444444,grain,10.0,0.007232941830089218,7.318345253968535e-11,2.332182185731605e-15,53,144,8,0.01300107970820964,1.3154611912899857e-10,1e-08,0.0
11,1024.0,0.28444444444444444,grain,100.0,0.007232941830064522,7.318345361569851e-12,1.9310969892435533e-15,53,144,8,0.013001079708225506,1.3154612106210832e-11,1e-08,0.0
11,1024.0,0.28444444444444444,grain,1000.0,0.007232941830129436,7.318345362668759e-13,1.9136319199209853e-15,53,144,8,0.013001079708225666,1.3154612108143944e-12,1e-08,0.0
11,1024.0,0.28444444444444444,grain,10000.0,0.007232941830129436,7.31834536268047e-14,1.9136319199209853e-15,53,144,8,0.013001079708225666,1.3154612108163276e-13,1e-08,0.0
11,1024.0,0.28444444444444444,all,1.0,0.0072329418292248916,3.755638904485377e-09,1.9701409819151515e-15,53,144,8,0.01300107970662298,5.763954455666269e-09,1e-08,4.726526147325844e-10
11,1024.0,0.28444444444444444,all,2.5,0.007232941829964416,7.852247381340732e-09,2.176816467535125e-15,53,144,8,0.013001079707969236,1.1647422353065726e-08,1e-08,1.1816315368314611e-09
11,1024.0,0.28444444444444444,all,10.0,0.007232941830108931,3.031123799791024e-08,2.4696445451179517e-15,53,144,8,0.01300107970820964,4.461649809396048e-08,1e-08,4.7265261473258444e-09
11,1024.0,0.28444444444444444,all,100.0,0.007232941830401726,3.023878637812999e-07,2.4085625788438322e-15,53,144,8,0.013001079708225506,4.44862674360421e-07,1e-08,4.7265261473258444e-08
11,1024.0,0.28444444444444444,all,1000.0,0.007232941866454004,3.0238061710368127e-06,2.110142729676639e-15,53,144,8,0.013001079708225666,4.448496512944358e-06,1e-08,4.726526147325844e-07
11,1024.0,0.28444444444444444,all,10000.0,0.0072329454638870045,3.02380392899819e-05,2.3646082686946627e-15,53,144,8,0.013001079708225666,4.44849521063776e-05,1e-08,4.726526147325844e-06
12,1924.0,0.5344444444444445,maxwell,1.0,0.007978602749971395,3.202908019701688e-09,2.3307471155315688e-15,53,144,8,0.013,4.448495197483147e-09,1e-08,4.726526147325844e-10
12,1924.0,0.5344444444444445,maxwell,2.5,0.007978602749995706,8.007270049270413e-09,2.017330701870043e-15,53,144,8,0.013,1.112123799370787e-08,1e-08,1.1816315368314611e-09
12,1924.0,0.5344444444444445,maxwell,10.0,0.007978602749990224,3.202908019705427e-08,2.09587962078027e-15,53,144,8,0.013,4.448495197483148e-08,1e-08,4.7265261473258444e-09
12,1924.0,0.5344444444444445,maxwell,100.0,0.007978602750324696,3.2029080195813255e-07,2.4687402602213906e-15,53,144,8,0.013,4.4484951974831477e-07,1e-08,4.7265261473258444e-08
12,1924.0,0.5344444444444445,maxwell,1000.0,0.007978602780424176,3.2029080069537806e-06,2.179556066965789e-15,53,144,8,0.013,4.448495197483147e-06,1e-08,4.726526147325844e-07
12,1924.0,0.5344444444444445,maxwell,10000.0,0.007978605794767085,3.2029067446141474e-05,2.2155233908706125e-15,53,144,8,0.013,4.448495197483148e-05,1e-08,4.726526147325844e-06
12,1924.0,0.5344444444444445,grain,1.0,0.007979277462925156,9.354689879911116e-10,1.990860150396149e-15,53,144,8,0.013001099350276902,1.5242157641593611e-09,1e-08,0.0
12,1924.0,0.5344444444444445,grain,2.5,0.007979277464001405,3.741881994073891e-10,2.0078463597046386e-15,53,144,8,0.013001099352052055,6.096872901424132e-10,1e-08,0.0
12,1924.0,0.5344444444444445,grain,10.0,0.00797927746419976,9.35470768260055e-11,1.9415345636194948e-15,53,144,8,0.013001099352369047,1.5242186648562753e-10,1e-08,0.0
12,1924.0,0.5344444444444445,grain,100.0,0.007979277464201446,9.35470786060795e-12,1.9007339731031344e-15,53,144,8,0.013001099352389968,1.5242186938633e-11,1e-08,0.0
12,1924.0,0.5344444444444445,grain,1000.0,0.007979277464272214,9.354707862422655e-13,1.9106095820709143e-15,53,144,8,0.013001099352390178,1.5242186941533705e-12,1e-08,0.0
12,1924.0,0.5344444444444445,grain,10000.0,0.00797927746427176,9.354707862385815e-14,1.9372919960889487e-15,53,144,8,0.01300109935239018,1.5242186941562711e-13,1e-08,0.0
12,1924.0,0.5344444444444445,all,1.0,0.007979277462899951,4.138377007783523e-09,2.2639131710546766e-15,53,144,8,0.013001099350276902,5.972710961642508e-09,1e-08,4.726526147325844e-10
12,1924.0,0.5344444444444445,all,2.5,0.007979277464015885,8.381458248951906e-09,2.299110729308683e-15,53,144,8,0.013001099352052055,1.1730925283850283e-08,1e-08,1.1816315368314611e-09
12,1924.0,0.5344444444444445,all,10.0,0.00797927746418913,3.2122627274948264e-08,2.24090195198734e-15,53,144,8,0.013001099352369047,4.4637373841317104e-08,1e-08,4.7265261473258444e-09
12,1924.0,0.5344444444444445,all,100.0,0.007979277464504114,3.2030015667603723e-07,2.086038179263772e-15,53,144,8,0.013001099352389968,4.4486476193525343e-07,1e-08,4.7265261473258444e-08
12,1924.0,0.5344444444444445,all,1000.0,0.007979277494697413,3.202908942548132e-06,2.464899680218017e-15,53,144,8,0.013001099352390178,4.448496721701841e-06,1e-08,4.726526147325844e-07
12,1924.0,0.5344444444444445,all,10000.0,0.007979280508721364,3.202906754287443e-05,2.097992476193696e-15,53,144,8,0.01300109935239018,4.448495212725335e-05,1e-08,4.726526147325844e-06
13,2824.0,0.7844444444444445,maxwell,1.0,0.008468457027837053,3.3265760938354252e-09,2.3745494209801956e-15,53,144,8,0.013,4.448495197483147e-09,1e-08,4.726526147325844e-10
13,2824.0,0.7844444444444445,maxwell,2.5,0.008468457027861278,8.316440234604503e-09,2.049515738915855e-15,53,144,8,0.013,1.112123799370787e-08,1e-08,1.1816315368314611e-09
13,2824.0,0.7844444444444445,maxwell,10.0,0.00846845702785644,3.3265760938393555e-08,2.1800425079844755e-15,53,144,8,0.013,4.448495197483148e-08,1e-08,4.7265261473258444e-09
13,2824.0,0.7844444444444445,maxwell,100.0,0.008468457028175901,3.326576093718389e-07,2.4931646250971155e-15,53,144,8,0.013,4.4484951974831477e-07,1e-08,4.7265261473258444e-08
13,2824.0,0.7844444444444445,maxwell,1000.0,0.00846845705678759,3.326576081416315e-06,2.224944092219786e-15,53,144,8,0.013,4.448495197483147e-06,1e-08,4.726526147325844e-07
13,2824.0,0.7844444444444445,maxwell,10000.0,0.008468459922363506,3.326574851634259e-05,2.268178198850009e-15,53,144,8,0.013,4.448495197483148e-05,1e-08,4.726526147325844e-06
13,2824.0,0.7844444444444445,grain,1.0,0.008469147604061334,1.059618089072997e-09,2.390009138857157e-15,53,144,8,0.013001060110553199,1.6266304319454327e-09,1e-08,0.0
13,2824.0,0.7844444444444445,grain,2.5,0.00846914760542635,4.238480738620752e-10,1.9957478961348006e-15,53,144,8,0.01300106011264975,6.506534595557289e-10,1e-08,0.0
13,2824.0,0.7844444444444445,grain,10.0,0.008469147605733432,1.0596205588742069e-10,2.030223994544851e-15,53,144,8,0.013001060113024135,1.6266342233449272e-10,1e-08,0.0
13,2824.0,0.7844444444444445,grain,100.0,0.008469147605699081,1.0596205835667755e-11,1.8911073711475506e-15,53,144,8,0.013001060113048845,1.6266342612590113e-11,1e-08,0.0
13,2824.0,0.7844444444444445,grain,1000.0,0.008469147605739132,1.0596205838136125e-12,1.9664732529257115e-15,53,144,8,0.013001060113049093,1.6266342616381525e-12,1e-08,0.0
13,2824.0,0.7844444444444445,grain,10000.0,0.008469147605738232,1.059620583816019e-13,2.0067521773477145e-15,53,144,8,0.013001060113049094,1.6266342616419438e-13,1e-08,0.0
13,2824.0,0.7844444444444445,all,1.0,0.008469147604073793,4.386194182995082e-09,2.1760473321407772e-15,53,144,8,0.013001060110553199,6.07512562942858e-09,1e-08,4.726526147325844e-10
13,2824.0,0.7844444444444445,all,2.5,0.008469147605430742,8.740288308692892e-09,2.1350094287955073e-15,53,144,8,0.01300106011264975,1.1771891453263599e-08,1e-08,1.1816315368314611e-09
13,2824.0,0.7844444444444445,all,10.0,0.008469147605735399,3.337172299531941e-08,2.1485802383947385e-15,53,144,8,0.013001060113024135,4.464761539716597e-08,1e-08,4.7265261473258444e-09
13,2824.0,0.7844444444444445,all,100.0,0.008469147606016057,3.3266820558723733e-07,2.087783567441251e-15,53,144,8,0.013001060113048845,4.4486578609092735e-07,1e-08,4.7265261473258444e-08
13,2824.0,0.7844444444444445,all,1000.0,0.008469147634698197,3.326577141147905e-06,2.3359528475787783e-15,53,144,8,0.013001060113049093,4.448496824117408e-06,1e-08,4.726526147325844e-07
13,2824.0,0.7844444444444445,all,10000.0,0.008469150499937468,3.326574862514184e-05,2.3951621391719624e-15,53,144,8,0.013001060113049094,4.448495213749491e-05,1e-08,4.726526147325844e-06
14,3724.0,1.0344444444444445,maxwell,1.0,0.009107993152661928,3.463330563765446e-09,2.3299615033638625e-15,53,144,8,0.013,4.448495197483147e-09,1e-08,4.726526147325844e-10
14,3724.0,1.0344444444444445,maxwell,2.5,0.009107993152686832,8.658326409429687e-09,2.0301826341001295e-15,53,144,8,0.013,1.112123799370787e-08,1e-08,1.1816315368314611e-09
14,3724.0,1.0344444444444445,maxwell,10.0,0.009107993152680575,3.463330563769624e-08,2.151557565819682e-15,53,144,8,0.013,4.448495197483148e-08,1e-08,4.7265261473258444e-09
14,3724.0,1.0344444444444445,maxwell,100.0,0.009107993152912443,3.4633305636913227e-07,2.560697749180588e-15,53,144,8,0.013,4.4484951974831477e-07,1e-08,4.7265261473258444e-08
14,3724.0,1.0344444444444445,maxwell,1000.0,0.009107993172612133,3.4633305556245885e-06,2.2013996507699802e-15,53,144,8,0.013,4.448495197483147e-06,1e-08,4.726526147325844e-07
14,3724.0,1.0344444444444445,maxwell,10000.0,0.009107995147224806,3.463329749366103e-05,2.2532481492687137e-15,53,144,8,0.013,4.448495197483148e-05,1e-08,4.726526147325844e-06
14,3724.0,1.0344444444444445,grain,1.0,0.009108678931554344,1.1768616084595667e-09,2.1861468126382613e-15,53,144,8,0.013000978825175086,1.6797567777132227e-09,1e-08,0.0
14,3724.0,1.0344444444444445,grain,2.5,0.009108678933307442,4.707458079023811e-10,2.0333271096330246e-15,53,144,8,0.013000978827596488,6.719043732268833e-10,1e-08,0.0
14,3724.0,1.0344444444444445,grain,10.0,0.009108678933584642,1.1768650396358695e-10,2.1259539346914606e-15,53,144,8,0.013000978828028881,1.6797616750968694e-10,1e-08,0.0
14,3724.0,1.0344444444444445,grain,100.0,0.009108678933590353,1.1768650739492562e-11,1.847635968378116e-15,53,144,8,0.01300097882805742,1.6797617240708496e-11,1e-08,0.0
14,3724.0,1.0344444444444445,grain,1000.0,0.009108678933637527,1.1768650742893464e-12,2.0248706899892486e-15,53,144,8,0.013000978828057706,1.6797617245605897e-12,1e-08,0.0
14,3724.0,1.0344444444444445,grain,10000.0,0.009108678933636158,1.176865074299646e-13,1.9620984412825927e-15,53,144,8,0.013000978828057709,1.679761724565487e-13,1e-08,0.0
14,3724.0,1.0344444444444445,all,1.0,0.00910867893163217,4.640192172295489e-09,2.1545531994300737e-15,53,144,8,0.013000978825175086,6.128251975196369e-09,1e-08,4.726526147325844e-10
14,3724.0,1.0344444444444445,all,2.5,0.009108678933284688,9.129072217501344e-09,2.226343758631338e-15,53,144,8,0.013000978827596488,1.1793142366934753e-08,1e-08,1.1816315368314611e-09
14,3724.0,1.0344444444444445,all,10.0,0.009108678933563215,3.475099214220629e-08,2.188379813663419e-15,53,144,8,0.013000978828028881,4.465292814234117e-08,1e-08,4.7265261473258444e-09
14,3724.0,1.0344444444444445,all,100.0,0.009108678933808305,3.4634482502519234e-07,2.421059388795931e-15,53,144,8,0.01300097882805742,4.4486631736555546e-07,1e-08,4.7265261473258444e-08
14,3724.0,1.0344444444444445,all,1000.0,0.00910867895351734,3.4633317325393887e-06,2.182097599263713e-15,53,144,8,0.013000978828057706,4.4484968772448716e-06,1e-08,4.726526147325844e-07
14,3724.0,1.0344444444444445,all,10000.0,0.009108680928032574,3.4633297613131376e-05,2.1979259770644184e-15,53,144,8,0.013000978828057709,4.4484952142807655e-05,1e-08,4.726526147325844e-06
15,4624.0,1.2844444444444445,maxwell,1.0,0.009618629281780394,3.5968699949488532e-09,2.3958193593193302e-15,53,144,8,0.013,4.448495197483147e-09,1e-08,4.726526147325844e-10
15,4624.0,1.2844444444444445,maxwell,2.5,0.009618629281805766,8.992174987388943e-09,2.116389069880496e-15,53,144,8,0.013,1.112123799370787e-08,1e-08,1.1816315368314611e-09
15,4624.0,1.2844444444444445,maxwell,10.0,0.009618629281799079,3.596869994953395e-08,2.0935971296557905e-15,53,144,8,0.013,4.448495197483148e-08,1e-08,4.7265261473258444e-09
15,4624.0,1.2844444444444445,maxwell,100.0,0.009618629282020666,3.5968699948771965e-07,2.5666044133923653e-15,53,144,8,0.013,4.4484951974831477e-07,1e-08,4.7265261473258444e-08
15,4624.0,1.2844444444444445,maxwell,1000.0,0.009618629300633104,3.5968699870210017e-06,2.2282397499911223e-15,53,144,8,0.013,4.448495197483147e-06,1e-08,4.726526147325844e-07
15,4624.0,1.2844444444444445,maxwell,10000.0,0.00961863116658691,3.5968692018233826e-05,2.3101032882009435e-15,53,144,8,0.013,4.448495197483148e-05,1e-08,4.726526147325844e-06
15,4624.0,1.2844444444444445,grain,1.0,0.009619325541907907,1.3717385567626966e-09,2.326215934072983e-15,53,144,8,0.013000941026709161,1.8539661626159184e-09,1e-08,0.0
15,4624.0,1.2844444444444445,grain,2.5,0.00961932554416468,5.486972117047248e-10,2.0850967296746664e-15,53,144,8,0.013000941029777339,7.415888829585174e-10,1e-08,0.0
15,4624.0,1.2844444444444445,grain,10.0,0.009619325544588721,1.371743827922806e-10,2.238963435476347e-15,53,144,8,0.01300094103032523,1.8539732868255083e-10,1e-08,0.0
15,4624.0,1.2844444444444445,grain,100.0,0.0096193255445971,1.371743880627895e-11,1.9130956818555037e-15,53,144,8,0.01300094103036139,1.8539733580678812e-11,1e-08,0.0
15,4624.0,1.2844444444444445,grain,1000.0,0.009619325544600082,1.3717438811493523e-12,1.9361900344137825e-15,53,144,8,0.013000941030361753,1.853973358780305e-12,1e-08,0.0
15,4624.0,1.2844444444444445,grain,10000.0,0.00961932554460628,1.3717438811617475e-13,1.9883926961687474e-15,53,144,8,0.013000941030361757,1.8539733587874286e-13,1e-08,0.0
15,4624.0,1.2844444444444445,all,1.0,0.009619325541862402,4.968608551766174e-09,2.2683896097806093e-15,53,144,8,0.013000941026709161,6.302461360099065e-09,1e-08,4.726526147325844e-10
15,4624.0,1.2844444444444445,all,2.5,0.009619325544172557,9.540872199187062e-09,2.355094093795865e-15,53,144,8,0.013000941029777339,1.1862826876666388e-08,1e-08,1.1816315368314611e-09
15,4624.0,1.2844444444444445,all,10.0,0.009619325544588374,3.610587433274713e-08,2.1584969332544043e-15,53,144,8,0.01300094103032523,4.4670349303514025e-08,1e-08,4.7265261473258444e-09
15,4624.0,1.2844444444444445,all,100.0,0.00961932554481114,3.5970071693228435e-07,2.3361720318460464e-15,53,144,8,0.01300094103036139,4.4486805948189545e-07,1e-08,4.7265261473258444e-08
15,4624.0,1.2844444444444445,all,1000.0,0.009619325563480323,3.5968713588386324e-06,2.494098855883295e-15,53,144,8,0.013000941030361753,4.448497051456505e-06,1e-08,4.726526147325844e-07
15,4624.0,1.2844444444444445,all,10000.0,0.009619327429199518,3.596869215700054e-05,2.1317989129032462e-15,53,144,8,0.013000941030361757,4.448495216022882e-05,1e-08,4.726526147325844e-06
16,5524.0,1.5344444444444445,maxwell,1.0,0.010048439592702166,3.6979368370351627e-09,2.384470490271829e-15,53,144,8,0.013,4.448495197483147e-09,1e-08,4.726526147325844e-10
16,5524.0,1.5344444444444445,maxwell,2.5,0.010048439592727288,9.244842092604676e-09,2.0843059215243156e-15,53,144,8,0.013,1.112123799370787e-08,1e-08,1.1816315368314611e-09
16,5524.0,1.5344444444444445,maxwell,10.0,0.010048439592720348,3.697936837040016e-08,2.131596735027924e-15,53,144,8,0.013,4.448495197483148e-08,1e-08,4.7265261473258444e-09
16,5524.0,1.5344444444444445,maxwell,100.0,0.010048439592901585,3.697936836983267e-07,2.5757365693756984e-15,53,144,8,0.013,4.4484951974831477e-07,1e-08,4.7265261473258444e-08
16,5524.0,1.5344444444444445,maxwell,1000.0,0.01004843960738218,3.697936831046912e-06,2.2359935612346545e-15,53,144,8,0.013,4.448495197483147e-06,1e-08,4.726526147325844e-07
16,5524.0,1.5344444444444445,maxwell,10000.0,0.010048441060220145,3.697936237872479e-05,2.3134287101001503e-15,53,144,8,0.013,4.448495197483148e-05,1e-08,4.726526147325844e-06
16,5524.0,1.5344444444444445,grain,1.0,0.0100490924076453,1.4756185221288555e-09,2.0598051845969993e-15,53,144,8,0.01300084456878986,1.9090577287841206e-09,1e-08,0.0
16,5524.0,1.5344444444444445,grain,2.5,0.01004909241046554,5.902499421207713e-10,2.3645656142965685e-15,53,144,8,0.013000844572414643,7.636263688879919e-10,1e-08,0.0
16,5524.0,1.5344444444444445,grain,10.0,0.010049092410921976,1.4756259862266614e-10,2.165952962624158e-15,53,144,8,0.013000844573061929,1.9090673853409264e-10,1e-08,0.0
16,5524.0,1.5344444444444445,grain,100.0,0.010049092410947395,1.4756260608709248e-11,1.9836024682887525e-15,53,144,8,0.01300084457310465,1.9090674819069877e-11,1e-08,0.0
16,5524.0,1.5344444444444445,grain,1000.0,0.010049092410945223,1.4756260616123037e-12,1.9134750806380502e-15,53,144,8,0.013000844573105077,1.909067482872649e-12,1e-08,0.0
16,5524.0,1.5344444444444445,grain,10000.0,0.010049092410991197,1.4756260616252229e-13,2.008895389517186e-15,53,144,8,0.013000844573105082,1.909067482882305e-13,1e-08,0.0
16,5524.0,1.5344444444444445,all,1.0,0.010049092407660493,5.17355535921105e-09,2.2225346777758325e-15,53,144,8,0.01300084456878986,6.357552926267267e-09,1e-08,4.726526147325844e-10
16,5524.0,1.5344444444444445,all,2.5,0.010049092410460753,9.835092034825592e-09,2.3823005438240628e-15,53,144,8,0.013000844572414643,1.188486436259586e-08,1e-08,1.1816315368314611e-09
16,5524.0,1.5344444444444445,all,10.0,0.01004909241098114,3.7126930969384934e-08,2.2854375507311427e-15,53,144,8,0.013000844573061929,4.4675858713365567e-08,1e-08,4.7265261473258444e-09
16,5524.0,1.5344444444444445,all,100.0,0.01004909241114459,3.6980843996185515e-07,2.202684031638581e-15,53,144,8,0.01300084457310465,4.4486861042313385e-07,1e-08,4.7265261473258444e-08
16,5524.0,1.5344444444444445,all,1000.0,0.010049092425645013,3.6979383067138396e-06,2.3520705806768615e-15,53,144,8,0.013000844573105077,4.44849710655063e-06,1e-08,4.726526147325844e-07
16,5524.0,1.5344444444444445,all,10000.0,0.010049093878397692,3.6979362527583385e-05,2.2736095869616083e-15,53,144,8,0.013000844573105082,4.4484952165738226e-05,1e-08,4.726526147325844e-06
17,6424.0,1.7844444444444445,maxwell,1.0,0.010521386925197372,3.816379433191509e-09,2.3793405128517425e-15,53,144,8,0.013,4.448495197483147e-09,1e-08,4.726526147325844e-10
17,6424.0,1.7844444444444445,maxwell,2.5,0.010521386925222871,9.540948582995684e-09,2.1434740577811297e-15,53,144,8,0.013,1.112123799370787e-08,1e-08,1.1816315368314611e-09
17,6424.0,1.7844444444444445,maxwell,10.0,0.010521386925215176,3.816379433196396e-08,2.170319166662683e-15,53,144,8,0.013,4.448495197483148e-08,1e-08,4.7265261473258444e-09
17,6424.0,1.7844444444444445,maxwell,100.0,0.01052138692537198,3.816379433149176e-07,2.6420304343747047e-15,53,144,8,0.013,4.4484951974831477e-07,1e-08,4.7265261473258444e-08
17,6424.0,1.7844444444444445,maxwell,1000.0,0.010521386937418251,3.816379428177936e-06,2.2922581930081785e-15,53,144,8,0.013,4.448495197483147e-06,1e-08,4.726526147325844e-07
17,6424.0,1.7844444444444445,maxwell,10000.0,0.010521388146869344,3.816378931507269e-05,2.2914595078087113e-15,53,144,8,0.013,4.448495197483148e-05,1e-08,4.726526147325844e-06
17,6424.0,1.7844444444444445,grain,1.0,0.010522003341707591,1.610093673690039e-09,2.3018608507700447e-15,53,144,8,0.013000761631323889,1.9893980708285335e-09,1e-08,0.0
17,6424.0,1.7844444444444445,grain,2.5,0.010522003345224488,6.440411604762454e-10,2.0925285425202954e-15,53,144,8,0.013000761635688819,7.957637888505918e-10,1e-08,0.0
17,6424.0,1.7844444444444445,grain,10.0,0.010522003345891423,1.6101045489665775e-10,2.007767322219051e-15,53,144,8,0.013000761636468277,1.989411508086293e-10,1e-08,0.0
17,6424.0,1.7844444444444445,grain,100.0,0.010522003345935149,1.6101046577129856e-11,1.9805810665031434e-15,53,144,8,0.01300076163651972,1.9894116424597876e-11,1e-08,0.0
17,6424.0,1.7844444444444445,grain,1000.0,0.010522003345887845,1.610104658808469e-12,2.005266804004942e-15,53,144,8,0.013000761636520235,1.9894116438035232e-12,1e-08,0.0
17,6424.0,1.7844444444444445,grain,10000.0,0.010522003345941161,1.6101046588123636e-13,2.0212372227828912e-15,53,144,8,0.01300076163652024,1.9894116438169604e-13,1e-08,0.0
17,6424.0,1.7844444444444445,all,1.0,0.010522003341668707,5.426473106890987e-09,2.2751406930642817e-15,53,144,8,0.013000761631323889,6.43789326831168e-09,1e-08,4.726526147325844e-10
17,6424.0,1.7844444444444445,all,2.5,0.010522003345261407,1.018498974354378e-08,2.1664858747840456e-15,53,144,8,0.013000761635688819,1.191700178255846e-08,1e-08,1.1816315368314611e-09
17,6424.0,1.7844444444444445,all,10.0,0.01052200334592296,3.8324804787148774e-08,2.3802997435577154e-15,53,144,8,0.013000761636468277,4.4683893125640106e-08,1e-08,4.7265261473258444e-09
17,6424.0,1.7844444444444445,all,100.0,0.010522003346037683,3.8165404436264735e-07,2.413408070762344e-15,53,144,8,0.01300076163651972,4.4486941386473935e-07,1e-08,4.7265261473258444e-08
17,6424.0,1.7844444444444445,all,1000.0,0.010522003358095286,3.816381038290837e-06,2.220097064299345e-15,53,144,8,0.013000761636520235,4.448497186894791e-06,1e-08,4.726526147325844e-07
17,6424.0,1.7844444444444445,all,10000.0,0.010522004567477329,3.816378947684229e-05,2.3945732687944797e-15,53,144,8,0.01300076163652024,4.4484952173772645e-05,1e-08,4.726526147325844e-06
18,7324.0,2.0344444444444445,maxwell,1.0,0.01090276010391035,3.915084270862438e-09,2.4047358956378552e-15,53,144,8,0.013,4.448495197483147e-09,1e-08,4.726526147325844e-10
18,7324.0,2.0344444444444445,maxwell,2.5,0.01090276010393588,9.787710677172982e-09,2.1161441690765746e-15,53,144,8,0.013,1.112123799370787e-08,1e-08,1.1816315368314611e-09
18,7324.0,2.0344444444444445,maxwell,10.0,0.010902760103928603,3.915084270867347e-08,2.1787763942854444e-15,53,144,8,0.013,4.448495197483148e-08,1e-08,4.7265261473258444e-09
18,7324.0,2.0344444444444445,maxwell,100.0,0.010902760104074503,3.915084270823363e-07,2.5969804958588902e-15,53,144,8,0.013,4.4484951974831477e-07,1e-08,4.7265261473258444e-08
18,7324.0,2.0344444444444445,maxwell,1000.0,0.010902760115018931,3.915084266158523e-06,2.304036489955977e-15,53,144,8,0.013,4.448495197483147e-06,1e-08,4.726526147325844e-07
18,7324.0,2.0344444444444445,maxwell,10000.0,0.010902761214320746,3.9150838001385e-05,2.3299126392539576e-15,53,144,8,0.013,4.448495197483148e-05,1e-08,4.726526147325844e-06
18,7324.0,2.0344444444444445,grain,1.0,0.010903391167716053,1.9432724116165812e-09,2.064632620297495e-15,53,144,8,0.013000752454643522,2.3170784409209077e-09,1e-08,0.0
18,7324.0,2.0344444444444445,grain,2.5,0.010903391172801674,7.773151561048105e-10,2.1336794802393283e-15,53,144,8,0.01300075246063701,9.268387588125843e-10,1e-08,0.0
18,7324.0,2.0344444444444445,grain,10.0,0.01090339117362582,1.9432906543305814e-10,2.6855385585676133e-15,53,144,8,0.013000752461707286,2.317100192796428e-10,1e-08,0.0
18,7324.0,2.0344444444444445,grain,100.0,0.010903391173745374,1.943290836761425e-11,2.0363602815700984e-15,53,144,8,0.013000752461777926,2.3171004103172455e-11,1e-08,0.0
18,7324.0,2.0344444444444445,grain,1000.0,0.0109033911737017,1.9432908385886476e-12,2.0786320899736963e-15,53,144,8,0.013000752461778632,2.317100412492454e-12,1e-08,0.0
18,7324.0,2.0344444444444445,grain,10000.0,0.010903391173706764,1.9432908386006325e-13,1.9956644971209107e-15,53,144,8,0.013000752461778639,2.317100412514206e-13,1e-08,0.0
18,7324.0,2.0344444444444445,all,1.0,0.010903391167750676,5.8583566825156905e-09,2.534387454981883e-15,53,144,8,0.013000752454643522,6.765573638404054e-09,1e-08,4.726526147325844e-10
18,7324.0,2.0344444444444445,all,2.5,0.010903391172757715,1.056502583336161e-08,2.2068638643954267e-15,53,144,8,0.01300075246063701,1.2048076752520454e-08,1e-08,1.1816315368314611e-09
18,7324.0,2.0344444444444445,all,10.0,0.01090339117368772,3.934517177431575e-08,2.3571135537582133e-15,53,144,8,0.013000752461707286,4.471666199411112e-08,1e-08,4.7265261473258444e-09
18,7324.0,2.0344444444444445,all,100.0,0.010903391173839823,3.915278599919594e-07,2.3727700369315394e-15,53,144,8,0.013000752461777926,4.4487269075241794e-07,1e-08,4.7265261473258444e-08
18,7324.0,2.0344444444444445,all,1000.0,0.010903391184808417,3.915086209475098e-06,2.1479015157371023e-15,53,144,8,0.013000752461778632,4.448497514583559e-06,1e-08,4.726526147325844e-07
18,7324.0,2.0344444444444445,all,10000.0,0.010903392284038608,3.915083819652773e-05,2.3877843050160773e-15,53,144,8,0.013000752461778639,4.4484952206541524e-05,1e-08,4.726526147325844e-06
19,8224.0,2.2844444444444445,maxwell,1.0,0.011263912306067613,4.002638460076262e-09,2.4170614835008704e-15,53,144,8,0.013,4.448495197483147e-09,1e-08,4.726526147325844e-10
19,8224.0,2.2844444444444445,maxwell,2.5,0.011263912306093703,1.000659615020783e-08,2.1582309889422154e-15,53,144,8,0.013,1.112123799370787e-08,1e-08,1.1816315368314611e-09
19,8224.0,2.2844444444444445,maxwell,10.0,0.011263912306085852,4.0026384600812944e-08,2.1942150957839002e-15,53,144,8,0.013,4.448495197483148e-08,1e-08,4.7265261473258444e-09
19,8224.0,2.2844444444444445,maxwell,100.0,0.01126391230620311,4.002638460050786e-07,2.6211419664547738e-15,53,144,8,0.013,4.4484951974831477e-07,1e-08,4.7265261473258444e-08
19,8224.0,2.2844444444444445,maxwell,1000.0,0.01126391231423409,4.002638456724006e-06,2.279243671293388e-15,53,144,8,0.013,4.448495197483147e-06,1e-08,4.726526147325844e-07
19,8224.0,2.2844444444444445,maxwell,10000.0,0.011263913122240935,4.0026381245122805e-05,2.2734861569368362e-15,53,144,8,0.013,4.448495197483148e-05,1e-08,4.726526147325844e-06
19,8224.0,2.2844444444444445,grain,1.0,0.011264493751646088,2.1107860482417456e-09,2.0772248522874298e-15,53,144,8,0.0130006710629694,2.4361185990137737e-09,1e-08,0.0
19,8224.0,2.2844444444444445,grain,2.5,0.011264493758077249,8.443237658770634e-10,2.229273260901068e-15,53,144,8,0.013000671070398085,9.744582267648943e-10,1e-08,0.0
19,8224.0,2.2844444444444445,grain,10.0,0.011264493759240875,2.1108135873360568e-10,2.2434294080228384e-15,53,144,8,0.013000671071724654,2.436150382671219e-10,1e-08,0.0
19,8224.0,2.2844444444444445,grain,100.0,0.011264493759316171,2.1108138627265902e-11,2.04375058533492e-15,53,144,8,0.013000671071812207,2.4361507005119813e-11,1e-08,0.0
19,8224.0,2.2844444444444445,grain,1000.0,0.01126449375937079,2.110813865486611e-12,2.0879059344309733e-15,53,144,8,0.013000671071813083,2.4361507036903894e-12,1e-08,0.0
19,8224.0,2.2844444444444445,grain,10000.0,0.011264493759307761,2.110813865512973e-13,2.0764261330604218e-15,53,144,8,0.013000671071813092,2.436150703722173e-13,1e-08,0.0
19,8224.0,2.2844444444444445,all,1.0,0.0112644937516534,6.1134245083212454e-09,2.1590585025256753e-15,53,144,8,0.0130006710629694,6.884613796496921e-09,1e-08,4.726526147325844e-10
19,8224.0,2.2844444444444445,all,2.5,0.011264493758064351,1.0850919916094023e-08,2.5089829006221678e-15,53,144,8,0.013000671070398085,1.2095696220472764e-08,1e-08,1.1816315368314611e-09
19,8224.0,2.2844444444444445,all,10.0,0.011264493759234112,4.023746595977568e-08,2.363245987736194e-15,53,144,8,0.013000671071724654,4.47285670130986e-08,1e-08,4.7265261473258444e-09
19,8224.0,2.2844444444444445,all,100.0,0.011264493759417132,4.002849541457906e-07,2.3543062713016572e-15,53,144,8,0.013000671071812207,4.448738812553199e-07,1e-08,4.7265261473258444e-08
19,8224.0,2.2844444444444445,all,1000.0,0.011264493767498617,4.002640567553375e-06,2.4078617969861416e-15,53,144,8,0.013000671071813083,4.448497633633851e-06,1e-08,4.726526147325844e-07
19,8224.0,2.2844444444444445,all,10000.0,0.011264494575365732,4.002638145654187e-05,2.3217120824699302e-15,53,144,8,0.013000671071813092,4.448495221844655e-05,1e-08,4.726526147325844e-06
20,9124.0,2.5344444444444445,maxwell,1.0,0.011586150612374002,4.090229645857991e-09,2.433696346375128e-15,53,144,8,0.013,4.448495197483147e-09,1e-08,4.726526147325844e-10
20,9124.0,2.5344444444444445,maxwell,2.5,0.011586150612400058,1.0225574114662147e-08,2.1182392005870873e-15,53,144,8,0.013,1.112123799370787e-08,1e-08,1.1816315368314611e-09
20,9124.0,2.5344444444444445,maxwell,10.0,0.011586150612392154,4.0902296458631905e-08,2.203563531473233e-15,53,144,8,0.013,4.448495197483148e-08,1e-08,4.7265261473258444e-09
20,9124.0,2.5344444444444445,maxwell,100.0,0.011586150612509286,4.0902296458319145e-07,2.6390301030257227e-15,53,144,8,0.013,4.4484951974831477e-07,1e-08,4.7265261473258444e-08
20,9124.0,2.5344444444444445,maxwell,1000.0,0.011586150620345431,4.090229642408254e-06,2.3366668304856685e-15,53,144,8,0.013,4.448495197483147e-06,1e-08,4.726526147325844e-07
20,9124.0,2.5344444444444445,maxwell,10000.0,0.011586151409095172,4.090229300577913e-05,2.3216212643333256e-15,53,144,8,0.013,4.448495197483148e-05,1e-08,4.726526147325844e-06
20,9124.0,2.5344444444444445,grain,1.0,0.011586716485624825,2.579816760531451e-09,2.24743167046949e-15,53,144,8,0.013000634926510525,2.894630554825085e-09,1e-08,0.0
20,9124.0,2.5344444444444445,grain,2.5,0.01158671649554433,1.0319447205331704e-09,2.220617331824284e-15,53,144,8,0.013000634937595653,1.1578724367714026e-09,1e-08,0.0
20,9124.0,2.5344444444444445,grain,10.0,0.011586716497277407,2.5798698444902173e-10,2.0898853750057344e-15,53,144,8,0.01300063493957518,2.8946901165969537e-10,1e-08,0.0
20,9124.0,2.5344444444444445,grain,100.0,0.01158671649745064,2.579870375343597e-11,2.113336046325425e-15,53,144,8,0.01300063493970583,2.8946907122270512e-11,1e-08,0.0
20,9124.0,2.5344444444444445,grain,1000.0,0.011586716497399112,2.5798703806491102e-12,1.953945087477834e-15,53,144,8,0.013000634939707136,2.8946907181833533e-12,1e-08,0.0
20,9124.0,2.5344444444444445,grain,10000.0,0.01158671649740045,2.579870380704107e-13,1.989565732697389e-15,53,144,8,0.013000634939707148,2.8946907182429156e-13,1e-08,0.0
20,9124.0,2.5344444444444445,all,1.0,0.011586716485661005,6.6700464064190715e-09,2.291549972779667e-15,53,144,8,0.013000634926510525,7.343125752308232e-09,1e-08,4.726526147325844e-10
20,9124.0,2.5344444444444445,all,2.5,0.011586716495549116,1.125751883523193e-08,2.4921042857491564e-15,53,144,8,0.013000634937595653,1.2279110430479272e-08,1e-08,1.1816315368314611e-09
20,9124.0,2.5344444444444445,all,10.0,0.011586716497266572,4.1160283442924745e-08,2.2914349489931592e-15,53,144,8,0.01300063493957518,4.4774420986491174e-08,1e-08,4.7265261473258444e-09
20,9124.0,2.5344444444444445,all,100.0,0.011586716497553587,4.0904876328780484e-07,2.5294778388038974e-15,53,144,8,0.01300063493970583,4.4487846665543705e-07,1e-08,4.7265261473258444e-08
20,9124.0,2.5344444444444445,all,1000.0,0.01158671650536113,4.090232222286464e-06,2.1976900408789713e-15,53,144,8,0.013000634939707136,4.448498092173865e-06,1e-08,4.726526147325844e-07
20,9124.0,2.5344444444444445,all,10000.0,0.011586717294027002,4.090229326412123e-05,2.461212728500807e-15,53,144,8,0.013000634939707148,4.448495226430055e-05,1e-08,4.726526147325844e-06
21,10024.0,2.7844444444444445,maxwell,1.0,0.011900279978554328,4.169294242388893e-09,2.3618887127994576e-15,53,144,8,0.013,4.448495197483147e-09,1e-08,4.726526147325844e-10
21,10024.0,2.7844444444444445,maxwell,2.5,0.011900279978580513,1.0423235605989943e-08,2.1708877138122087e-15,53,144,8,0.013,1.112123799370787e-08,1e-08,1.1816315368314611e-09
21,10024.0,2.7844444444444445,maxwell,10.0,0.011900279978572388,4.1692942423942613e-08,2.1784347267210114e-15,53,144,8,0.013,4.448495197483148e-08,1e-08,4.7265261473258444e-09
21,10024.0,2.7844444444444445,maxwell,100.0,0.011900279978669255,4.1692942423724603e-07,2.625162579091766e-15,53,144,8,0.013,4.4484951974831477e-07,1e-08,4.7265261473258444e-08
21,10024.0,2.7844444444444445,maxwell,1000.0,0.01190027998446624,4.169294239895534e-06,2.301969680012109e-15,53,144,8,0.013,4.448495197483147e-06,1e-08,4.726526147325844e-07
21,10024.0,2.7844444444444445,maxwell,10000.0,0.011900280569355506,4.169293992746861e-05,2.3425244702958043e-15,53,144,8,0.013,4.448495197483148e-05,1e-08,4.726526147325844e-06
21,10024.0,2.7844444444444445,grain,1.0,0.011900763148117456,2.8323567295088475e-09,2.1286673104643003e-15,53,144,8,0.013000527819932911,3.0940989545906878e-09,1e-08,0.0
21,10024.0,2.7844444444444445,grain,2.5,0.011900763162061128,1.1329753943584197e-09,2.078737281439139e-15,53,144,8,0.01300052783516851,1.237675306480504e-09,1e-08,0.0
21,10024.0,2.7844444444444445,grain,10.0,0.011900763164573443,2.8324530857472564e-10,2.3901035189664696e-15,53,144,8,0.013000527837889245,3.0942042152457133e-10,1e-08,0.0
21,10024.0,2.7844444444444445,grain,100.0,0.011900763164704757,2.832454049333927e-11,2.025987257951227e-15,53,144,8,0.013000527838068814,3.0942052678884306e-11,1e-08,0.0
21,10024.0,2.7844444444444445,grain,1000.0,0.011900763164712934,2.8324540589812064e-12,2.087971061422712e-15,53,144,8,0.01300052783807061,3.0942052784148618e-12,1e-08,0.0
21,10024.0,2.7844444444444445,grain,10000.0,0.01190076316471365,2.832454059074889e-13,2.07216202344197e-15,53,144,8,0.013000527838070628,3.0942052785201254e-13,1e-08,0.0
21,10024.0,2.7844444444444445,all,1.0,0.011900763148095305,7.001650971911767e-09,2.303102768188939e-15,53,144,8,0.013000527819932911,7.542594152073835e-09,1e-08,4.726526147325844e-10
21,10024.0,2.7844444444444445,all,2.5,0.011900763162049703,1.1556211000336549e-08,2.1701182898202692e-15,53,144,8,0.01300052783516851,1.2358913300188373e-08,1e-08,1.1816315368314611e-09
21,10024.0,2.7844444444444445,all,10.0,0.011900763164562124,4.197618773245559e-08,2.388119890039839e-15,53,144,8,0.013000527837889245,4.479437239635605e-08,1e-08,4.7265261473258444e-09
21,10024.0,2.7844444444444445,all,100.0,0.01190076316477914,4.1695774877897934e-07,2.261651586828472e-15,53,144,8,0.013000527838068814,4.4488046180099366e-07,1e-08,4.7265261473258444e-08
21,10024.0,2.7844444444444445,all,1000.0,0.011900763170652473,4.169297072368027e-06,2.65302900000076e-15,53,144,8,0.01300052783807061,4.448498291688425e-06,1e-08,4.726526147325844e-07
21,10024.0,2.7844444444444445,all,10000.0,0.011900763755476804,4.169294021117005e-05,2.4059049858749337e-15,53,144,8,0.013000527838070628,4.4484952284252006e-05,1e-08,4.726526147325844e-06
22,10924.0,3.0344444444444445,maxwell,1.0,0.012193978058080588,4.247013330800206e-09,2.3864451656292744e-15,53,144,8,0.013,4.448495197483147e-09,1e-08,4.726526147325844e-10
22,10924.0,3.0344444444444445,maxwell,2.5,0.012193978058106646,1.061753332701766e-08,2.1810407876478865e-15,53,144,8,0.013,1.112123799370787e-08,1e-08,1.1816315368314611e-09
22,10924.0,3.0344444444444445,maxwell,10.0,0.012193978058098392,4.247013330805577e-08,2.2133722751259897e-15,53,144,8,0.013,4.448495197483148e-08,1e-08,4.7265261473258444e-09
22,10924.0,3.0344444444444445,maxwell,100.0,0.01219397805818591,4.2470133307878704e-07,2.658102506719537e-15,53,144,8,0.013,4.4484951974831477e-07,1e-08,4.7265261473258444e-08
22,10924.0,3.0344444444444445,maxwell,1000.0,0.012193978062993013,4.247013328711503e-06,2.3338607325447035e-15,53,144,8,0.013,4.448495197483147e-06,1e-08,4.726526147325844e-07
22,10924.0,3.0344444444444445,maxwell,10000.0,0.012193978548914804,4.247013121616502e-05,2.3242174639716167e-15,53,144,8,0.013,4.448495197483148e-05,1e-08,4.726526147325844e-06
22,10924.0,3.0344444444444445,grain,1.0,0.012194412300605417,3.612057712700412e-09,2.2906125262167046e-15,53,144,8,0.013000462946004841,3.850815221863515e-09,1e-08,0.0
22,10924.0,3.0344444444444445,grain,2.5,0.012194412325845545,1.4449070569535321e-09,2.201708783015349e-15,53,144,8,0.013000462972910864,1.5404156111683773e-09,1e-08,0.0
22,10924.0,3.0344444444444445,grain,10.0,0.01219441233034578,3.612305132398521e-10,2.0655075767860935e-15,53,144,8,0.01300046297771584,3.8510789960258995e-10,1e-08,0.0
22,10924.0,3.0344444444444445,grain,100.0,0.012194412330679076,3.612307606754852e-11,1.9878072385728374e-15,53,144,8,0.013000462978032971,3.8510816339500105e-11,1e-08,0.0
22,10924.0,3.0344444444444445,grain,1000.0,0.012194412330665375,3.6123076315050924e-12,2.089021105036707e-15,53,144,8,0.013000462978036142,3.85108166032927e-12,1e-08,0.0
22,10924.0,3.0344444444444445,grain,10000.0,0.012194412330636143,3.6123076317448683e-13,2.046710693855177e-15,53,144,8,0.013000462978036175,3.851081660593062e-13,1e-08,0.0
22,10924.0,3.0344444444444445,all,1.0,0.012194412300593354,7.859071043498218e-09,2.3412760512261845e-15,53,144,8,0.013000462946004841,8.299310419346663e-09,1e-08,4.726526147325844e-10
22,10924.0,3.0344444444444445,all,2.5,0.012194412325910937,1.2062440383972336e-08,2.184384811867734e-15,53,144,8,0.013000462972910864,1.2661653604876246e-08,1e-08,1.1816315368314611e-09
22,10924.0,3.0344444444444445,all,10.0,0.012194412330325387,4.2831363821230115e-08,2.4149543075097696e-15,53,144,8,0.01300046297771584,4.4870059874434066e-08,1e-08,4.7265261473258444e-09
22,10924.0,3.0344444444444445,all,100.0,0.012194412330691667,4.2473745615560706e-07,2.316084851342507e-15,53,144,8,0.013000462978032971,4.4488803056465425e-07,1e-08,4.7265261473258444e-08
22,10924.0,3.0344444444444445,all,1000.0,0.012194412335596374,4.247016941038392e-06,2.528915109221418e-15,53,144,8,0.013000462978036142,4.448499048564807e-06,1e-08,4.726526147325844e-07
22,10924.0,3.0344444444444445,all,10000.0,0.012194412821434979,4.247013157763129e-05,2.229173892710465e-15,53,144,8,0.013000462978036175,4.4484952359939645e-05,1e-08,4.726526147325844e-06
23,11824.0,3.2844444444444445,maxwell,1.0,0.012511976749620275,4.3247619476129735e-09,2.387865685444526e-15,53,144,8,0.013,4.448495197483147e-09,1e-08,4.726526147325844e-10
23,11824.0,3.2844444444444445,maxwell,2.5,0.01251197674964671,1.0811904869050171e-08,2.1266563449587367e-15,53,144,8,0.013,1.112123799370787e-08,1e-08,1.1816315368314611e-09
23,11824.0,3.2844444444444445,maxwell,10.0,0.01251197674963811,4.324761947618545e-08,2.2048029492628526e-15,53,144,8,0.013,4.448495197483148e-08,1e-08,4.7265261473258444e-09
23,11824.0,3.2844444444444445,maxwell,100.0,0.012511976749703653,4.324761947610067e-07,2.6596910270523655e-15,53,144,8,0.013,4.4484951974831477e-07,1e-08,4.7265261473258444e-08
23,11824.0,3.2844444444444445,maxwell,1000.0,0.012511976752332253,4.324761946460323e-06,2.313840383107261e-15,53,144,8,0.013,4.448495197483147e-06,1e-08,4.726526147325844e-07
23,11824.0,3.2844444444444445,maxwell,10000.0,0.01251197702041512,4.324761832021316e-05,2.4171314362052375e-15,53,144,8,0.013,4.448495197483148e-05,1e-08,4.726526147325844e-06
23,11824.0,3.2844444444444445,grain,1.0,0.012512313416106112,4.4065529706444106e-09,2.5914032016320436e-15,53,144,8,0.013000349797955089,4.578428649247949e-09,1e-08,0.0
23,11824.0,3.2844444444444445,grain,2.5,0.01251231346451608,1.7628748323409707e-09,2.290771925014387e-15,53,144,8,0.01300034984829159,1.8316349970598626e-09,1e-08,0.0
23,11824.0,3.2844444444444445,grain,10.0,0.012512313473220004,4.407300334047301e-10,2.3774707986046686e-15,53,144,8,0.013000349857281775,4.579205163210967e-10,1e-08,0.0
23,11824.0,3.2844444444444445,grain,100.0,0.012512313473741307,4.407307808936073e-11,2.0359412196271333e-15,53,144,8,0.013000349857875142,4.5792129296807576e-11,1e-08,0.0
23,11824.0,3.2844444444444445,grain,1000.0,0.012512313473750784,4.407307883688057e-12,2.0121035519392886e-15,53,144,8,0.013000349857881077,4.579213007345588e-12,1e-08,0.0
23,11824.0,3.2844444444444445,grain,10000.0,0.012512313473744017,4.407307884424901e-13,1.9681952037387936e-15,53,144,8,0.013000349857881136,4.579213008122236e-13,1e-08,0.0
23,11824.0,3.2844444444444445,all,1.0,0.012512313416057352,8.731314918225391e-09,2.2535739142827816e-15,53,144,8,0.013000349797955089,9.026923846731096e-09,1e-08,4.726526147325844e-10
23,11824.0,3.2844444444444445,all,2.5,0.012512313464550737,1.2574779701365056e-08,2.18630825443445e-15,53,144,8,0.01300034984829159,1.2952872990767732e-08,1e-08,1.1816315368314611e-09
23,11824.0,3.2844444444444445,all,10.0,0.01251231347316854,4.3688349509250736e-08,2.444128835832923e-15,53,144,8,0.013000349857281775,4.494287249115258e-08,1e-08,4.7265261473258444e-09
23,11824.0,3.2844444444444445,all,100.0,0.012512313473752923,4.325202678383104e-07,2.221100925854081e-15,53,144,8,0.013000349857875142,4.448953118776116e-07,1e-08,4.7265261473258444e-08
23,11824.0,3.2844444444444445,all,1000.0,0.012512313476499996,4.32476635377493e-06,2.4336951808768427e-15,53,144,8,0.013000349857881077,4.448499776696154e-06,1e-08,4.726526147325844e-07
23,11824.0,3.2844444444444445,all,10000.0,0.012512313744519915,4.3247618761164174e-05,2.4044933543347437e-15,53,144,8,0.013000349857881136,4.448495243275278e-05,1e-08,4.726526147325844e-06
24,12724.0,3.5344444444444445,maxwell,1.0,0.012698091642247967,4.378523561358247e-09,2.420972041735665e-15,53,144,8,0.013,4.448495197483147e-09,1e-08,4.726526147325844e-10
24,12724.0,3.5344444444444445,maxwell,2.5,0.012698091642274407,1.0946308903413748e-08,2.1115179664806403e-15,53,144,8,0.013,1.112123799370787e-08,1e-08,1.1816315368314611e-09
24,12724.0,3.5344444444444445,maxwell,10.0,0.012698091642265886,4.378523561363975e-08,2.2072118051537217e-15,53,144,8,0.013,4.448495197483148e-08,1e-08,4.7265261473258444e-09
24,12724.0,3.5344444444444445,maxwell,100.0,0.012698091642335471,4.378523561353016e-07,2.6509378147678683e-15,53,144,8,0.013,4.4484951974831477e-07,1e-08,4.7265261473258444e-08
24,12724.0,3.5344444444444445,maxwell,1000.0,0.012698091645326913,4.378523559953584e-06,2.3081609571161034e-15,53,144,8,0.013,4.448495197483147e-06,1e-08,4.726526147325844e-07
24,12724.0,3.5344444444444445,maxwell,10000.0,0.01269809194970718,4.378523420561261e-05,2.369380280996034e-15,53,144,8,0.013,4.448495197483148e-05,1e-08,4.726526147325844e-06
24,12724.0,3.5344444444444445,grain,1.0,0.012698387589152134,7.113860758189356e-09,2.532627487951192e-15,53,144,8,0.013000302983310381,7.282999493093157e-09,1e-08,0.0
24,12724.0,3.5344444444444445,grain,2.5,0.012698387732766705,2.846925284070875e-09,2.3495673472619803e-15,53,144,8,0.013000303130352242,2.9146136121411995e-09,1e-08,0.0
24,12724.0,3.5344444444444445,grain,10.0,0.012698387758444701,7.117930072115526e-10,2.0782404042173016e-15,53,144,8,0.013000303156624737,7.287165558765027e-10,1e-08,0.0
24,12724.0,3.5344444444444445,grain,100.0,0.012698387760150432,7.117970788752101e-11,1.965488793132949e-15,53,144,8,0.013000303158358883,7.287207243491174e-11,1e-08,0.0
24,12724.0,3.5344444444444445,grain,1000.0,0.012698387760212017,7.117971195942125e-12,1.985786461090019e-15,53,144,8,0.013000303158376223,7.287207660340845e-12,1e-08,0.0
24,12724.0,3.5344444444444445,grain,10000.0,0.012698387760165098,7.117971199973703e-13,2.001288177083001e-15,53,144,8,0.013000303158376397,7.287207664509343e-13,1e-08,0.0
24,12724.0,3.5344444444444445,all,1.0,0.012698387589162379,1.149238431952287e-08,2.361429533714692e-15,53,144,8,0.013000302983310381,1.1731494690576303e-08,1e-08,4.726526147325844e-10
24,12724.0,3.5344444444444445,all,2.5,0.012698387732814065,1.3793234187492358e-08,2.3509243832527732e-15,53,144,8,0.013000303130352242,1.4035851605849068e-08,1e-08,1.1816315368314611e-09
24,12724.0,3.5344444444444445,all,10.0,0.012698387758430765,4.449702862062158e-08,2.4122584273136255e-15,53,144,8,0.013000303156624737,4.521366853070798e-08,1e-08,4.7265261473258444e-09
24,12724.0,3.5344444444444445,all,100.0,0.012698387760153024,4.379235358420427e-07,2.4404322831499686e-15,53,144,8,0.013000303158358883,4.449223918207497e-07,1e-08,4.7265261473258444e-08
24,12724.0,3.5344444444444445,all,1000.0,0.012698387763271562,4.37853067792906e-06,2.266751184961983e-15,53,144,8,0.013000303158376223,4.448502484690807e-06,1e-08,4.726526147325844e-07
24,12724.0,3.5344444444444445,all,10000.0,0.012698388067576987,4.378523491742702e-05,2.191880345104244e-15,53,144,8,0.013000303158376397,4.448495270355225e-05,1e-08,4.726526147325844e-06
25,13624.0,3.7844444444444445,maxwell,1.0,0.012861155235559207,4.418393011708803e-09,2.4088264202712806e-15,53,144,8,0.013,4.448495197483147e-09,1e-08,4.726526147325844e-10
25,13624.0,3.7844444444444445,maxwell,2.5,0.012861155235585928,1.1045982529290343e-08,2.0995791011566995e-15,53,144,8,0.013,1.112123799370787e-08,1e-08,1.1816315368314611e-09
25,13624.0,3.7844444444444445,maxwell,10.0,0.012861155235577338,4.418393011714706e-08,2.2142759841552377e-15,53,144,8,0.013,4.448495197483148e-08,1e-08,4.7265261473258444e-09
25,13624.0,3.7844444444444445,maxwell,100.0,0.012861155235635822,4.418393011708665e-07,2.620252858106119e-15,53,144,8,0.013,4.4484951974831477e-07,1e-08,4.7265261473258444e-08
25,13624.0,3.7844444444444445,maxwell,1000.0,0.012861155237493496,4.418393010787763e-06,2.3619121744540366e-15,53,144,8,0.013,4.448495197483147e-06,1e-08,4.726526147325844e-07
25,13624.0,3.7844444444444445,maxwell,10000.0,0.01286115542851865,4.41839291925895e-05,2.4166834017418367e-15,53,144,8,0.013,4.448495197483148e-05,1e-08,4.726526147325844e-06
25,13624.0,3.7844444444444445,grain,1.0,0.012861336647958105,1.0733528404607064e-08,2.198698095553521e-15,53,144,8,0.013000183370783468,1.0849404326460413e-08,1e-08,0.0
25,13624.0,3.7844444444444445,grain,2.5,0.012861337181064223,4.30602934988936e-09,2.140550104048547e-15,53,144,8,0.01300018390969534,4.352515938603391e-09,1e-08,0.0
25,13624.0,3.7844444444444445,grain,10.0,0.01286133727660986,1.0770725926630776e-09,2.2977347819221715e-15,53,144,8,0.013000184006263108,1.0887003421640917e-09,1e-08,0.0
25,13624.0,3.7844444444444445,grain,100.0,0.01286133728288952,1.0771099203845988e-10,1.9934758347922063e-15,53,144,8,0.013000184012640147,1.08873807286819e-10,1e-08,0.0
25,13624.0,3.7844444444444445,grain,1000.0,0.012861337282935191,1.077110293679773e-11,2.0748770202581792e-15,53,144,8,0.013000184012703921,1.088738450188438e-11,1e-08,0.0
25,13624.0,3.7844444444444445,grain,10000.0,0.012861337282965126,1.0771102974124627e-12,2.0835833592811852e-15,53,144,8,0.013000184012704558,1.0887384539616418e-12,1e-08,0.0
25,13624.0,3.7844444444444445,all,1.0,0.012861336647883167,1.5151921416362248e-08,2.1577218219371635e-15,53,144,8,0.013000183370783468,1.529789952394356e-08,1e-08,4.726526147325844e-10
25,13624.0,3.7844444444444445,all,2.5,0.012861337181024031,1.5352011879129627e-08,2.3736320803791525e-15,53,144,8,0.01300018390969534,1.547375393231126e-08,1e-08,1.1816315368314611e-09
25,13624.0,3.7844444444444445,all,10.0,0.012861337276575626,4.526100270979535e-08,2.2526018705559722e-15,53,144,8,0.013000184006263108,4.5573652316995566e-08,1e-08,4.7265261473258444e-09
25,13624.0,3.7844444444444445,all,100.0,0.01286133728293027,4.419470121632589e-07,2.2805807170705172e-15,53,144,8,0.013000184012640147,4.449583935556016e-07,1e-08,4.7265261473258444e-08
25,13624.0,3.7844444444444445,all,1000.0,0.012861337284924642,4.418403781898649e-06,2.3073403030439485e-15,53,144,8,0.013000184012703921,4.448506084867648e-06,1e-08,4.726526147325844e-07
25,13624.0,3.7844444444444445,all,10000.0,0.012861337475866578,4.418393026946181e-05,2.396445315075964e-15,53,144,8,0.013000184012704558,4.4484953063569934e-05,1e-08,4.726526147325844e-06
26,14524.0,4.0344444444444445,maxwell,1.0,0.01299463702373689,4.447273937825574e-09,2.3549303333447554e-15,53,144,8,0.013,4.448495197483147e-09,1e-08,4.726526147325844e-10
26,14524.0,4.0344444444444445,maxwell,2.5,0.012994637023764036,1.1118184844582568e-08,2.025045613703131e-15,53,144,8,0.013,1.112123799370787e-08,1e-08,1.1816315368314611e-09
26,14524.0,4.0344444444444445,maxwell,10.0,0.01299463702375506,4.447273937831596e-08,2.1117099805401967e-15,53,144,8,0.013,4.448495197483148e-08,1e-08,4.7265261473258444e-09
26,14524.0,4.0344444444444445,maxwell,100.0,0.01299463702379583,4.4472739378348044e-07,2.643453334499104e-15,53,144,8,0.013,4.4484951974831477e-07,1e-08,4.7265261473258444e-08
26,14524.0,4.0344444444444445,maxwell,1000.0,0.01299463702378948,4.447273937808787e-06,2.319082183274773e-15,53,144,8,0.013,4.448495197483147e-06,1e-08,4.726526147325844e-07
26,14524.0,4.0344444444444445,maxwell,10000.0,0.012994637028567154,4.447273935810311e-05,2.4368434071590253e-15,53,144,8,0.013,4.448495197483148e-05,1e-08,4.726526147325844e-06
26,14524.0,4.0344444444444445,grain,1.0,0.012994657778895274,2.183927461210814e-08,2.5888015945497236e-15,53,144,8,0.01300002076369038,2.1848287853055322e-08,1e-08,0.0
26,14524.0,4.0344444444444445,grain,2.5,0.01299467417713769,1.563764260111964e-08,2.1353864580611965e-15,53,144,8,0.01300003716872183,1.5644096379585995e-08,1e-08,0.0
26,14524.0,4.0344444444444445,grain,10.0,0.012994680280008348,4.551575013471194e-09,2.3221103573958046e-15,53,144,8,0.013000043274099527,4.5534534844015484e-09,1e-08,0.0
26,14524.0,4.0344444444444445,grain,100.0,0.012994680754113256,4.6014605384085026e-10,2.238207079718067e-15,53,144,8,0.013000043748386156,4.6033595974788903e-10,1e-08,0.0
26,14524.0,4.0344444444444445,grain,1000.0,0.012994680758890586,4.601964916420758e-11,2.0502573505053707e-15,53,144,8,0.01300004375318153,4.6038641836514073e-11,1e-08,0.0
26,14524.0,4.0344444444444445,grain,10000.0,0.012994680758938424,4.60196996076908e-12,2.0538468541512442e-15,53,144,8,0.013000043753229489,4.603869230071753e-12,1e-08,0.0
26,14524.0,4.0344444444444445,all,1.0,0.012994657778874064,2.6286548549947017e-08,2.1745547858453273e-15,53,144,8,0.01300002076369038,2.629678305053847e-08,1e-08,4.726526147325844e-10
26,14524.0,4.0344444444444445,all,2.5,0.012994674177095258,2.6755827445580242e-08,2.4432221287565733e-15,53,144,8,0.01300003716872183,2.6765334373293864e-08,1e-08,1.1816315368314611e-09
26,14524.0,4.0344444444444445,all,10.0,0.01299468028003653,4.902431439168023e-08,2.151632710333576e-15,53,144,8,0.013000043274099527,4.9038405459233026e-08,1e-08,4.7265261473258444e-09
26,14524.0,4.0344444444444445,all,100.0,0.01299468075411436,4.4518753983623783e-07,2.3219769874987308e-15,53,144,8,0.013000043748386156,4.4530985570806265e-07,1e-08,4.7265261473258444e-08
26,14524.0,4.0344444444444445,all,1000.0,0.01299468075894767,4.44731995743651e-06,2.3486959125770737e-15,53,144,8,0.01300004375318153,4.448541236124983e-06,1e-08,4.726526147325844e-07
26,14524.0,4.0344444444444445,all,10000.0,0.01299468076371275,4.447274395995414e-05,2.375094226466845e-15,53,144,8,0.013000043753229489,4.448495657870071e-05,1e-08,4.726526147325844e-06
27,15424.0,4.2844444444444445,maxwell,1.0,0.012999999999976516,4.448495197485857e-09,2.3947735176790152e-15,53,144,8,0.013,4.448495197483147e-09,1e-08,4.726526147325844e-10
27,15424.0,4.2844444444444445,maxwell,2.5,0.01300000000000401,1.1121237993733563e-08,2.0729084024112274e-15,53,144,8,0.013,1.112123799370787e-08,1e-08,1.1816315368314611e-09
27,15424.0,4.2844444444444445,maxwell,10.0,0.012999999999994776,4.448495197491953e-08,2.0678745312108125e-15,53,144,8,0.013,4.448495197483148e-08,1e-08,4.7265261473258444e-09
27,15424.0,4.2844444444444445,maxwell,100.0,0.013000000000035716,4.4484951974954683e-07,2.607130178911097e-15,53,144,8,0.013,4.4484951974831477e-07,1e-08,4.7265261473258444e-08
27,15424.0,4.2844444444444445,maxwell,1000.0,0.01299999999998102,4.448495197489131e-06,2.2342245670201906e-15,53,144,8,0.013,4.448495197483147e-06,1e-08,4.726526147325844e-07
27,15424.0,4.2844444444444445,maxwell,10000.0,0.013000000000011546,4.4484951974861845e-05,2.309745069774064e-15,53,144,8,0.013,4.448495197483148e-05,1e-08,4.726526147325844e-06
27,15424.0,4.2844444444444445,grain,1.0,0.012999999999998001,0.0,2.0345339495433852e-15,53,144,8,0.013,0.0,1e-08,0.0
27,15424.0,4.2844444444444445,grain,2.5,0.012999999999998001,0.0,2.0345339495433852e-15,53,144,8,0.013,0.0,1e-08,0.0
27,15424.0,4.2844444444444445,grain,10.0,0.012999999999998001,0.0,2.0345339495433852e-15,53,144,8,0.013,0.0,1e-08,0.0
27,15424.0,4.2844444444444445,grain,100.0,0.012999999999998001,0.0,2.0345339495433852e-15,53,144,8,0.013,0.0,1e-08,0.0
27,15424.0,4.2844444444444445,grain,1000.0,0.012999999999998001,0.0,2.0345339495433852e-15,53,144,8,0.013,0.0,1e-08,0.0
27,15424.0,4.2844444444444445,grain,10000.0,0.012999999999998001,0.0,2.0345339495433852e-15,53,144,8,0.013,0.0,1e-08,0.0
27,15424.0,4.2844444444444445,all,1.0,0.012999999999976516,4.448495197485857e-09,2.3947735176790152e-15,53,144,8,0.013,4.448495197483147e-09,1e-08,4.726526147325844e-10
27,15424.0,4.2844444444444445,all,2.5,0.01300000000000401,1.1121237993733563e-08,2.0729084024112274e-15,53,144,8,0.013,1.112123799370787e-08,1e-08,1.1816315368314611e-09
27,15424.0,4.2844444444444445,all,10.0,0.012999999999994776,4.448495197491953e-08,2.0678745312108125e-15,53,144,8,0.013,4.448495197483148e-08,1e-08,4.7265261473258444e-09
27,15424.0,4.2844444444444445,all,100.0,0.013000000000035716,4.4484951974954683e-07,2.607130178911097e-15,53,144,8,0.013,4.4484951974831477e-07,1e-08,4.7265261473258444e-08
27,15424.0,4.2844444444444445,all,1000.0,0.01299999999998102,4.448495197489131e-06,2.2342245670201906e-15,53,144,8,0.013,4.448495197483147e-06,1e-08,4.726526147325844e-07
27,15424.0,4.2844444444444445,all,10000.0,0.013000000000011546,4.4484951974861845e-05,2.309745069774064e-15,53,144,8,0.013,4.448495197483148e-05,1e-08,4.726526147325844e-06
28,16324.0,4.5344444444444445,maxwell,1.0,0.012999999999976516,4.448495197485857e-09,2.3947735176790152e-15,53,144,8,0.013,4.448495197483147e-09,1e-08,4.726526147325844e-10
28,16324.0,4.5344444444444445,maxwell,2.5,0.01300000000000401,1.1121237993733563e-08,2.0729084024112274e-15,53,144,8,0.013,1.112123799370787e-08,1e-08,1.1816315368314611e-09
28,16324.0,4.5344444444444445,maxwell,10.0,0.012999999999994776,4.448495197491953e-08,2.0678745312108125e-15,53,144,8,0.013,4.448495197483148e-08,1e-08,4.7265261473258444e-09
28,16324.0,4.5344444444444445,maxwell,100.0,0.013000000000035716,4.4484951974954683e-07,2.607130178911097e-15,53,144,8,0.013,4.4484951974831477e-07,1e-08,4.7265261473258444e-08
28,16324.0,4.5344444444444445,maxwell,1000.0,0.01299999999998102,4.448495197489131e-06,2.2342245670201906e-15,53,144,8,0.013,4.448495197483147e-06,1e-08,4.726526147325844e-07
28,16324.0,4.5344444444444445,maxwell,10000.0,0.013000000000011546,4.4484951974861845e-05,2.309745069774064e-15,53,144,8,0.013,4.448495197483148e-05,1e-08,4.726526147325844e-06
28,16324.0,4.5344444444444445,grain,1.0,0.012999999999998001,0.0,2.0345339495433852e-15,53,144,8,0.013,0.0,1e-08,0.0
28,16324.0,4.5344444444444445,grain,2.5,0.012999999999998001,0.0,2.0345339495433852e-15,53,144,8,0.013,0.0,1e-08,0.0
28,16324.0,4.5344444444444445,grain,10.0,0.012999999999998001,0.0,2.0345339495433852e-15,53,144,8,0.013,0.0,1e-08,0.0
28,16324.0,4.5344444444444445,grain,100.0,0.012999999999998001,0.0,2.0345339495433852e-15,53,144,8,0.013,0.0,1e-08,0.0
28,16324.0,4.5344444444444445,grain,1000.0,0.012999999999998001,0.0,2.0345339495433852e-15,53,144,8,0.013,0.0,1e-08,0.0
28,16324.0,4.5344444444444445,grain,10000.0,0.012999999999998001,0.0,2.0345339495433852e-15,53,144,8,0.013,0.0,1e-08,0.0
28,16324.0,4.5344444444444445,all,1.0,0.012999999999976516,4.448495197485857e-09,2.3947735176790152e-15,53,144,8,0.013,4.448495197483147e-09,1e-08,4.726526147325844e-10
28,16324.0,4.5344444444444445,all,2.5,0.01300000000000401,1.1121237993733563e-08,2.0729084024112274e-15,53,144,8,0.013,1.112123799370787e-08,1e-08,1.1816315368314611e-09
28,16324.0,4.5344444444444445,all,10.0,0.012999999999994776,4.448495197491953e-08,2.0678745312108125e-15,53,144,8,0.013,4.448495197483148e-08,1e-08,4.7265261473258444e-09
28,16324.0,4.5344444444444445,all,100.0,0.013000000000035716,4.4484951974954683e-07,2.607130178911097e-15,53,144,8,0.013,4.4484951974831477e-07,1e-08,4.7265261473258444e-08
28,16324.0,4.5344444444444445,all,1000.0,0.01299999999998102,4.448495197489131e-06,2.2342245670201906e-15,53,144,8,0.013,4.448495197483147e-06,1e-08,4.726526147325844e-07
28,16324.0,4.5344444444444445,all,10000.0,0.013000000000011546,4.4484951974861845e-05,2.309745069774064e-15,53,144,8,0.013,4.448495197483148e-05,1e-08,4.726526147325844e-06
