frame,frequency_hz,mechanism,water_sigma_real_s_m,water_sigma_imag_s_m,solid_sigma_real_s_m,solid_sigma_imag_s_m
1,1.0,maxwell,0.013,4.448495197483147e-09,1e-08,4.726526147325844e-10
1,2.5,maxwell,0.013,1.112123799370787e-08,1e-08,1.1816315368314611e-09
1,10.0,maxwell,0.013,4.448495197483148e-08,1e-08,4.7265261473258444e-09
1,100.0,maxwell,0.013,4.4484951974831477e-07,1e-08,4.7265261473258444e-08
1,1000.0,maxwell,0.013,4.448495197483147e-06,1e-08,4.726526147325844e-07
1,10000.0,maxwell,0.013,4.448495197483148e-05,1e-08,4.726526147325844e-06
1,1.0,grain,0.013001141452696012,1.2324437141129773e-09,1e-08,0.0
1,2.5,grain,0.01300114145381379,4.929779683978142e-10,1e-08,0.0
1,10.0,grain,0.013001141454013394,1.232445136509348e-10,1e-08,0.0
1,100.0,grain,0.013001141454026567,1.2324451507333281e-11,1e-08,0.0
1,1000.0,grain,0.013001141454026699,1.2324451508755681e-12,1e-08,0.0
1,10000.0,grain,0.0130011414540267,1.2324451508769903e-13,1e-08,0.0
1,1.0,all,0.013001141452696012,5.680938911596124e-09,1e-08,4.726526147325844e-10
1,2.5,all,0.01300114145381379,1.1614215962105683e-08,1e-08,1.1816315368314611e-09
1,10.0,all,0.013001141454013394,4.460819648848241e-08,1e-08,4.7265261473258444e-09
1,100.0,all,0.013001141454026567,4.448618441998221e-07,1e-08,4.7265261473258444e-08
1,1000.0,all,0.013001141454026699,4.448496429928298e-06,1e-08,4.726526147325844e-07
1,10000.0,all,0.0130011414540267,4.4484952098075994e-05,1e-08,4.726526147325844e-06
2,1.0,maxwell,0.013,4.448495197483147e-09,1e-08,4.726526147325844e-10
2,2.5,maxwell,0.013,1.112123799370787e-08,1e-08,1.1816315368314611e-09
2,10.0,maxwell,0.013,4.448495197483148e-08,1e-08,4.7265261473258444e-09
2,100.0,maxwell,0.013,4.4484951974831477e-07,1e-08,4.7265261473258444e-08
2,1000.0,maxwell,0.013,4.448495197483147e-06,1e-08,4.726526147325844e-07
2,10000.0,maxwell,0.013,4.448495197483148e-05,1e-08,4.726526147325844e-06
2,1.0,grain,0.013001141452696012,1.2324437141129773e-09,1e-08,0.0
2,2.5,grain,0.01300114145381379,4.929779683978142e-10,1e-08,0.0
2,10.0,grain,0.013001141454013394,1.232445136509348e-10,1e-08,0.0
2,100.0,grain,0.013001141454026567,1.2324451507333281e-11,1e-08,0.0
2,1000.0,grain,0.013001141454026699,1.2324451508755681e-12,1e-08,0.0
2,10000.0,grain,0.0130011414540267,1.2324451508769903e-13,1e-08,0.0
2,1.0,all,0.013001141452696012,5.680938911596124e-09,1e-08,4.726526147325844e-10
2,2.5,all,0.01300114145381379,1.1614215962105683e-08,1e-08,1.1816315368314611e-09
2,10.0,all,0.013001141454013394,4.460819648848241e-08,1e-08,4.7265261473258444e-09
2,100.0,all,0.013001141454026567,4.448618441998221e-07,1e-08,4.7265261473258444e-08
2,1000.0,all,0.013001141454026699,4.448496429928298e-06,1e-08,4.726526147325844e-07
2,10000.0,all,0.0130011414540267,4.4484952098075994e-05,1e-08,4.726526147325844e-06
3,1.0,maxwell,0.013,4.448495197483147e-09,1e-08,4.726526147325844e-10
3,2.5,maxwell,0.013,1.112123799370787e-08,1e-08,1.1816315368314611e-09
3,10.0,maxwell,0.013,4.448495197483148e-08,1e-08,4.7265261473258444e-09
3,100.0,maxwell,0.013,4.4484951974831477e-07,1e-08,4.7265261473258444e-08
3,1000.0,maxwell,0.013,4.448495197483147e-06,1e-08,4.726526147325844e-07
3,10000.0,maxwell,0.013,4.448495197483148e-05,1e-08,4.726526147325844e-06
3,1.0,grain,0.013001141452696012,1.2324437141129773e-09,1e-08,0.0
3,2.5,grain,0.01300114145381379,4.929779683978142e-10,1e-08,0.0
3,10.0,grain,0.013001141454013394,1.232445136509348e-10,1e-08,0.0
3,100.0,grain,0.013001141454026567,1.2324451507333281e-11,1e-08,0.0
3,1000.0,grain,0.013001141454026699,1.2324451508755681e-12,1e-08,0.0
3,10000.0,grain,0.0130011414540267,1.2324451508769903e-13,1e-08,0.0
3,1.0,all,0.013001141452696012,5.680938911596124e-09,1e-08,4.726526147325844e-10
3,2.5,all,0.01300114145381379,1.1614215962105683e-08,1e-08,1.1816315368314611e-09
3,10.0,all,0.013001141454013394,4.460819648848241e-08,1e-08,4.7265261473258444e-09
3,100.0,all,0.013001141454026567,4.448618441998221e-07,1e-08,4.7265261473258444e-08
3,1000.0,all,0.013001141454026699,4.448496429928298e-06,1e-08,4.726526147325844e-07
3,10000.0,all,0.0130011414540267,4.4484952098075994e-05,1e-08,4.726526147325844e-06
4,1.0,maxwell,0.013,4.448495197483147e-09,1e-08,4.726526147325844e-10
4,2.5,maxwell,0.013,1.112123799370787e-08,1e-08,1.1816315368314611e-09
4,10.0,maxwell,0.013,4.448495197483148e-08,1e-08,4.7265261473258444e-09
4,100.0,maxwell,0.013,4.4484951974831477e-07,1e-08,4.7265261473258444e-08
4,1000.0,maxwell,0.013,4.448495197483147e-06,1e-08,4.726526147325844e-07
4,10000.0,maxwell,0.013,4.448495197483148e-05,1e-08,4.726526147325844e-06
4,1.0,grain,0.013001141452696012,1.2324437141129773e-09,1e-08,0.0
4,2.5,grain,0.01300114145381379,4.929779683978142e-10,1e-08,0.0
4,10.0,grain,0.013001141454013394,1.232445136509348e-10,1e-08,0.0
4,100.0,grain,0.013001141454026567,1.2324451507333281e-11,1e-08,0.0
4,1000.0,grain,0.013001141454026699,1.2324451508755681e-12,1e-08,0.0
4,10000.0,grain,0.0130011414540267,1.2324451508769903e-13,1e-08,0.0
4,1.0,all,0.013001141452696012,5.680938911596124e-09,1e-08,4.726526147325844e-10
4,2.5,all,0.01300114145381379,1.1614215962105683e-08,1e-08,1.1816315368314611e-09
4,10.0,all,0.013001141454013394,4.460819648848241e-08,1e-08,4.7265261473258444e-09
4,100.0,all,0.013001141454026567,4.448618441998221e-07,1e-08,4.7265261473258444e-08
4,1000.0,all,0.013001141454026699,4.448496429928298e-06,1e-08,4.726526147325844e-07
4,10000.0,all,0.0130011414540267,4.4484952098075994e-05,1e-08,4.726526147325844e-06
5,1.0,maxwell,0.013,4.448495197483147e-09,1e-08,4.726526147325844e-10
5,2.5,maxwell,0.013,1.112123799370787e-08,1e-08,1.1816315368314611e-09
5,10.0,maxwell,0.013,4.448495197483148e-08,1e-08,4.7265261473258444e-09
5,100.0,maxwell,0.013,4.4484951974831477e-07,1e-08,4.7265261473258444e-08
5,1000.0,maxwell,0.013,4.448495197483147e-06,1e-08,4.726526147325844e-07
5,10000.0,maxwell,0.013,4.448495197483148e-05,1e-08,4.726526147325844e-06
5,1.0,grain,0.013001141452696012,1.2324437141129773e-09,1e-08,0.0
5,2.5,grain,0.01300114145381379,4.929779683978142e-10,1e-08,0.0
5,10.0,grain,0.013001141454013394,1.232445136509348e-10,1e-08,0.0
5,100.0,grain,0.013001141454026567,1.2324451507333281e-11,1e-08,0.0
5,1000.0,grain,0.013001141454026699,1.2324451508755681e-12,1e-08,0.0
5,10000.0,grain,0.0130011414540267,1.2324451508769903e-13,1e-08,0.0
5,1.0,all,0.013001141452696012,5.680938911596124e-09,1e-08,4.726526147325844e-10
5,2.5,all,0.01300114145381379,1.1614215962105683e-08,1e-08,1.1816315368314611e-09
5,10.0,all,0.013001141454013394,4.460819648848241e-08,1e-08,4.7265261473258444e-09
5,100.0,all,0.013001141454026567,4.448618441998221e-07,1e-08,4.7265261473258444e-08
5,1000.0,all,0.013001141454026699,4.448496429928298e-06,1e-08,4.726526147325844e-07
5,10000.0,all,0.0130011414540267,4.4484952098075994e-05,1e-08,4.726526147325844e-06
6,1.0,maxwell,0.013,4.448495197483147e-09,1e-08,4.726526147325844e-10
6,2.5,maxwell,0.013,1.112123799370787e-08,1e-08,1.1816315368314611e-09
6,10.0,maxwell,0.013,4.448495197483148e-08,1e-08,4.7265261473258444e-09
6,100.0,maxwell,0.013,4.4484951974831477e-07,1e-08,4.7265261473258444e-08
6,1000.0,maxwell,0.013,4.448495197483147e-06,1e-08,4.726526147325844e-07
6,10000.0,maxwell,0.013,4.448495197483148e-05,1e-08,4.726526147325844e-06
6,1.0,grain,0.013001141452696012,1.2324437141129773e-09,1e-08,0.0
6,2.5,grain,0.01300114145381379,4.929779683978142e-10,1e-08,0.0
6,10.0,grain,0.013001141454013394,1.232445136509348e-10,1e-08,0.0
6,100.0,grain,0.013001141454026567,1.2324451507333281e-11,1e-08,0.0
6,1000.0,grain,0.013001141454026699,1.2324451508755681e-12,1e-08,0.0
6,10000.0,grain,0.0130011414540267,1.2324451508769903e-13,1e-08,0.0
6,1.0,all,0.013001141452696012,5.680938911596124e-09,1e-08,4.726526147325844e-10
6,2.5,all,0.01300114145381379,1.1614215962105683e-08,1e-08,1.1816315368314611e-09
6,10.0,all,0.013001141454013394,4.460819648848241e-08,1e-08,4.7265261473258444e-09
6,100.0,all,0.013001141454026567,4.448618441998221e-07,1e-08,4.7265261473258444e-08
6,1000.0,all,0.013001141454026699,4.448496429928298e-06,1e-08,4.726526147325844e-07
6,10000.0,all,0.0130011414540267,4.4484952098075994e-05,1e-08,4.726526147325844e-06
7,1.0,maxwell,0.013,4.448495197483147e-09,1e-08,4.726526147325844e-10
7,2.5,maxwell,0.013,1.112123799370787e-08,1e-08,1.1816315368314611e-09
7,10.0,maxwell,0.013,4.448495197483148e-08,1e-08,4.7265261473258444e-09
7,100.0,maxwell,0.013,4.4484951974831477e-07,1e-08,4.7265261473258444e-08
7,1000.0,maxwell,0.013,4.448495197483147e-06,1e-08,4.726526147325844e-07
7,10000.0,maxwell,0.013,4.448495197483148e-05,1e-08,4.726526147325844e-06
7,1.0,grain,0.013001141452696012,1.2324437141129773e-09,1e-08,0.0
7,2.5,grain,0.01300114145381379,4.929779683978142e-10,1e-08,0.0
7,10.0,grain,0.013001141454013394,1.232445136509348e-10,1e-08,0.0
7,100.0,grain,0.013001141454026567,1.2324451507333281e-11,1e-08,0.0
7,1000.0,grain,0.013001141454026699,1.2324451508755681e-12,1e-08,0.0
7,10000.0,grain,0.0130011414540267,1.2324451508769903e-13,1e-08,0.0
7,1.0,all,0.013001141452696012,5.680938911596124e-09,1e-08,4.726526147325844e-10
7,2.5,all,0.01300114145381379,1.1614215962105683e-08,1e-08,1.1816315368314611e-09
7,10.0,all,0.013001141454013394,4.460819648848241e-08,1e-08,4.7265261473258444e-09
7,100.0,all,0.013001141454026567,4.448618441998221e-07,1e-08,4.7265261473258444e-08
7,1000.0,all,0.013001141454026699,4.448496429928298e-06,1e-08,4.726526147325844e-07
7,10000.0,all,0.0130011414540267,4.4484952098075994e-05,1e-08,4.726526147325844e-06
8,1.0,maxwell,0.013,4.448495197483147e-09,1e-08,4.726526147325844e-10
8,2.5,maxwell,0.013,1.112123799370787e-08,1e-08,1.1816315368314611e-09
8,10.0,maxwell,0.013,4.448495197483148e-08,1e-08,4.7265261473258444e-09
8,100.0,maxwell,0.013,4.4484951974831477e-07,1e-08,4.7265261473258444e-08
8,1000.0,maxwell,0.013,4.448495197483147e-06,1e-08,4.726526147325844e-07
8,10000.0,maxwell,0.013,4.448495197483148e-05,1e-08,4.726526147325844e-06
8,1.0,grain,0.013001141452694672,1.2330639411991634e-09,1e-08,0.0
8,2.5,grain,0.013001141453813576,4.93226059961492e-10,1e-08,0.0
8,10.0,grain,0.01300114145401338,1.2330653657440807e-10,1e-08,0.0
8,100.0,grain,0.013001141454026567,1.2330653799895464e-11,1e-08,0.0
8,1000.0,grain,0.013001141454026699,1.2330653801320015e-12,1e-08,0.0
8,10000.0,grain,0.0130011414540267,1.2330653801334254e-13,1e-08,0.0
8,1.0,all,0.013001141452694672,5.68155913868231e-09,1e-08,4.726526147325844e-10
8,2.5,all,0.013001141453813576,1.161446405366936e-08,1e-08,1.1816315368314611e-09
8,10.0,all,0.01300114145401338,4.4608258511405884e-08,1e-08,4.7265261473258444e-09
8,100.0,all,0.013001141454026567,4.4486185040211467e-07,1e-08,4.7265261473258444e-08
8,1000.0,all,0.013001141454026699,4.448496430548527e-06,1e-08,4.726526147325844e-07
8,10000.0,all,0.0130011414540267,4.448495209813802e-05,1e-08,4.726526147325844e-06
9,1.0,maxwell,0.013,4.448495197483147e-09,1e-08,4.726526147325844e-10
9,2.5,maxwell,0.013,1.112123799370787e-08,1e-08,1.1816315368314611e-09
9,10.0,maxwell,0.013,4.448495197483148e-08,1e-08,4.7265261473258444e-09
9,100.0,maxwell,0.013,4.4484951974831477e-07,1e-08,4.7265261473258444e-08
9,1000.0,maxwell,0.013,4.448495197483147e-06,1e-08,4.726526147325844e-07
9,10000.0,maxwell,0.013,4.448495197483148e-05,1e-08,4.726526147325844e-06
9,1.0,grain,0.013001126371412467,1.2223702055358203e-09,1e-08,0.0
9,2.5,grain,0.01300112637252677,4.889485659233903e-10,1e-08,0.0
9,10.0,grain,0.013001126372725751,1.222371630750273e-10,1e-08,0.0
9,100.0,grain,0.013001126372738885,1.2223716450024344e-11,1e-08,0.0
9,1000.0,grain,0.013001126372739017,1.222371645144956e-12,1e-08,0.0
9,10000.0,grain,0.013001126372739017,1.222371645146381e-13,1e-08,0.0
9,1.0,all,0.013001126371412467,5.670865403018967e-09,1e-08,4.726526147325844e-10
9,2.5,all,0.01300112637252677,1.161018655963126e-08,1e-08,1.1816315368314611e-09
9,10.0,all,0.013001126372725751,4.460718913790651e-08,1e-08,4.7265261473258444e-09
9,100.0,all,0.013001126372738885,4.448617434647648e-07,1e-08,4.7265261473258444e-08
9,1000.0,all,0.013001126372739017,4.448496419854792e-06,1e-08,4.726526147325844e-07
9,10000.0,all,0.013001126372739017,4.448495209706865e-05,1e-08,4.726526147325844e-06
10,1.0,maxwell,0.013,4.448495197483147e-09,1e-08,4.726526147325844e-10
10,2.5,maxwell,0.013,1.112123799370787e-08,1e-08,1.1816315368314611e-09
10,10.0,maxwell,0.013,4.448495197483148e-08,1e-08,4.7265261473258444e-09
10,100.0,maxwell,0.013,4.4484951974831477e-07,1e-08,4.7265261473258444e-08
10,1000.0,maxwell,0.013,4.448495197483147e-06,1e-08,4.726526147325844e-07
10,10000.0,maxwell,0.013,4.448495197483148e-05,1e-08,4.726526147325844e-06
10,1.0,grain,0.013001100757662025,1.2333450083497345e-09,1e-08,0.0
10,2.5,grain,0.013001100758822822,4.933385235867893e-10,1e-08,0.0
10,10.0,grain,0.013001100759030108,1.2333465412203405e-10,1e-08,0.0
10,100.0,grain,0.01300110075904379,1.2333465565490652e-11,1e-08,0.0
10,1000.0,grain,0.013001100759043926,1.233346556702353e-12,1e-08,0.0
10,10000.0,grain,0.013001100759043926,1.2333465567038853e-13,1e-08,0.0
10,1.0,all,0.013001100757662025,5.681840205832882e-09,1e-08,4.726526147325844e-10
10,2.5,all,0.013001100758822822,1.1614576517294658e-08,1e-08,1.1816315368314611e-09
10,10.0,all,0.013001100759030108,4.460828662895351e-08,1e-08,4.7265261473258444e-09
10,100.0,all,0.01300110075904379,4.4486185321388024e-07,1e-08,4.7265261473258444e-08
10,1000.0,all,0.013001100759043926,4.448496430829703e-06,1e-08,4.726526147325844e-07
10,10000.0,all,0.013001100759043926,4.448495209816614e-05,1e-08,4.726526147325844e-06
11,1.0,maxwell,0.013,4.448495197483147e-09,1e-08,4.726526147325844e-10
11,2.5,maxwell,0.013,1.112123799370787e-08,1e-08,1.1816315368314611e-09
11,10.0,maxwell,0.013,4.448495197483148e-08,1e-08,4.7265261473258444e-09
11,100.0,maxwell,0.013,4.4484951974831477e-07,1e-08,4.7265261473258444e-08
11,1000.0,maxwell,0.013,4.448495197483147e-06,1e-08,4.726526147325844e-07
11,10000.0,maxwell,0.013,4.448495197483148e-05,1e-08,4.726526147325844e-06
11,1.0,grain,0.01300107970662298,1.3154592581831217e-09,1e-08,0.0
11,2.5,grain,0.013001079707969236,5.261843593578565e-10,1e-08,0.0
11,10.0,grain,0.01300107970820964,1.3154611912899857e-10,1e-08,0.0
11,100.0,grain,0.013001079708225506,1.3154612106210832e-11,1e-08,0.0
11,1000.0,grain,0.013001079708225666,1.3154612108143944e-12,1e-08,0.0
11,10000.0,grain,0.013001079708225666,1.3154612108163276e-13,1e-08,0.0
11,1.0,all,0.01300107970662298,5.763954455666269e-09,1e-08,4.726526147325844e-10
11,2.5,all,0.013001079707969236,1.1647422353065726e-08,1e-08,1.1816315368314611e-09
11,10.0,all,0.01300107970820964,4.461649809396048e-08,1e-08,4.7265261473258444e-09
11,100.0,all,0.013001079708225506,4.44862674360421e-07,1e-08,4.7265261473258444e-08
11,1000.0,all,0.013001079708225666,4.448496512944358e-06,1e-08,4.726526147325844e-07
11,10000.0,all,0.013001079708225666,4.44849521063776e-05,1e-08,4.726526147325844e-06
12,1.0,maxwell,0.013,4.448495197483147e-09,1e-08,4.726526147325844e-10
12,2.5,maxwell,0.013,1.112123799370787e-08,1e-08,1.1816315368314611e-09
12,10.0,maxwell,0.013,4.448495197483148e-08,1e-08,4.7265261473258444e-09
12,100.0,maxwell,0.013,4.4484951974831477e-07,1e-08,4.7265261473258444e-08
12,1000.0,maxwell,0.013,4.448495197483147e-06,1e-08,4.726526147325844e-07
12,10000.0,maxwell,0.013,4.448495197483148e-05,1e-08,4.726526147325844e-06
12,1.0,grain,0.013001099350276902,1.5242157641593611e-09,1e-08,0.0
12,2.5,grain,0.013001099352052055,6.096872901424132e-10,1e-08,0.0
12,10.0,grain,0.013001099352369047,1.5242186648562753e-10,1e-08,0.0
12,100.0,grain,0.013001099352389968,1.5242186938633e-11,1e-08,0.0
12,1000.0,grain,0.013001099352390178,1.5242186941533705e-12,1e-08,0.0
12,10000.0,grain,0.01300109935239018,1.5242186941562711e-13,1e-08,0.0
12,1.0,all,0.013001099350276902,5.972710961642508e-09,1e-08,4.726526147325844e-10
12,2.5,all,0.013001099352052055,1.1730925283850283e-08,1e-08,1.1816315368314611e-09
12,10.0,all,0.013001099352369047,4.4637373841317104e-08,1e-08,4.7265261473258444e-09
12,100.0,all,0.013001099352389968,4.4486476193525343e-07,1e-08,4.7265261473258444e-08
12,1000.0,all,0.013001099352390178,4.448496721701841e-06,1e-08,4.726526147325844e-07
12,10000.0,all,0.01300109935239018,4.448495212725335e-05,1e-08,4.726526147325844e-06
13,1.0,maxwell,0.013,4.448495197483147e-09,1e-08,4.726526147325844e-10
13,2.5,maxwell,0.013,1.112123799370787e-08,1e-08,1.1816315368314611e-09
13,10.0,maxwell,0.013,4.448495197483148e-08,1e-08,4.7265261473258444e-09
13,100.0,maxwell,0.013,4.4484951974831477e-07,1e-08,4.7265261473258444e-08
13,1000.0,maxwell,0.013,4.448495197483147e-06,1e-08,4.726526147325844e-07
13,10000.0,maxwell,0.013,4.448495197483148e-05,1e-08,4.726526147325844e-06
13,1.0,grain,0.013001060110553199,1.6266304319454327e-09,1e-08,0.0
13,2.5,grain,0.01300106011264975,6.506534595557289e-10,1e-08,0.0
13,10.0,grain,0.013001060113024135,1.6266342233449272e-10,1e-08,0.0
13,100.0,grain,0.013001060113048845,1.6266342612590113e-11,1e-08,0.0
13,1000.0,grain,0.013001060113049093,1.6266342616381525e-12,1e-08,0.0
13,10000.0,grain,0.013001060113049094,1.6266342616419438e-13,1e-08,0.0
13,1.0,all,0.013001060110553199,6.07512562942858e-09,1e-08,4.726526147325844e-10
13,2.5,all,0.01300106011264975,1.1771891453263599e-08,1e-08,1.1816315368314611e-09
13,10.0,all,0.013001060113024135,4.464761539716597e-08,1e-08,4.7265261473258444e-09
13,100.0,all,0.013001060113048845,4.4486578609092735e-07,1e-08,4.7265261473258444e-08
13,1000.0,all,0.013001060113049093,4.448496824117408e-06,1e-08,4.726526147325844e-07
13,10000.0,all,0.013001060113049094,4.448495213749491e-05,1e-08,4.726526147325844e-06
14,1.0,maxwell,0.013,4.448495197483147e-09,1e-08,4.726526147325844e-10
14,2.5,maxwell,0.013,1.112123799370787e-08,1e-08,1.1816315368314611e-09
14,10.0,maxwell,0.013,4.448495197483148e-08,1e-08,4.7265261473258444e-09
14,100.0,maxwell,0.013,4.4484951974831477e-07,1e-08,4.7265261473258444e-08
14,1000.0,maxwell,0.013,4.448495197483147e-06,1e-08,4.726526147325844e-07
14,10000.0,maxwell,0.013,4.448495197483148e-05,1e-08,4.726526147325844e-06
14,1.0,grain,0.013000978825175086,1.6797567777132227e-09,1e-08,0.0
14,2.5,grain,0.013000978827596488,6.719043732268833e-10,1e-08,0.0
14,10.0,grain,0.013000978828028881,1.6797616750968694e-10,1e-08,0.0
14,100.0,grain,0.01300097882805742,1.6797617240708496e-11,1e-08,0.0
14,1000.0,grain,0.013000978828057706,1.6797617245605897e-12,1e-08,0.0
14,10000.0,grain,0.013000978828057709,1.679761724565487e-13,1e-08,0.0
14,1.0,all,0.013000978825175086,6.128251975196369e-09,1e-08,4.726526147325844e-10
14,2.5,all,0.013000978827596488,1.1793142366934753e-08,1e-08,1.1816315368314611e-09
14,10.0,all,0.013000978828028881,4.465292814234117e-08,1e-08,4.7265261473258444e-09
14,100.0,all,0.01300097882805742,4.4486631736555546e-07,1e-08,4.7265261473258444e-08
14,1000.0,all,0.013000978828057706,4.4484968772448716e-06,1e-08,4.726526147325844e-07
14,10000.0,all,0.013000978828057709,4.4484952142807655e-05,1e-08,4.726526147325844e-06
15,1.0,maxwell,0.013,4.448495197483147e-09,1e-08,4.726526147325844e-10
15,2.5,maxwell,0.013,1.112123799370787e-08,1e-08,1.1816315368314611e-09
15,10.0,maxwell,0.013,4.448495197483148e-08,1e-08,4.7265261473258444e-09
15,100.0,maxwell,0.013,4.4484951974831477e-07,1e-08,4.7265261473258444e-08
15,1000.0,maxwell,0.013,4.448495197483147e-06,1e-08,4.726526147325844e-07
15,10000.0,maxwell,0.013,4.448495197483148e-05,1e-08,4.726526147325844e-06
15,1.0,grain,0.013000941026709161,1.8539661626159184e-09,1e-08,0.0
15,2.5,grain,0.013000941029777339,7.415888829585174e-10,1e-08,0.0
15,10.0,grain,0.01300094103032523,1.8539732868255083e-10,1e-08,0.0
15,100.0,grain,0.01300094103036139,1.8539733580678812e-11,1e-08,0.0
15,1000.0,grain,0.013000941030361753,1.853973358780305e-12,1e-08,0.0
15,10000.0,grain,0.013000941030361757,1.8539733587874286e-13,1e-08,0.0
15,1.0,all,0.013000941026709161,6.302461360099065e-09,1e-08,4.726526147325844e-10
15,2.5,all,0.013000941029777339,1.1862826876666388e-08,1e-08,1.1816315368314611e-09
15,10.0,all,0.01300094103032523,4.4670349303514025e-08,1e-08,4.7265261473258444e-09
15,100.0,all,0.01300094103036139,4.4486805948189545e-07,1e-08,4.7265261473258444e-08
15,1000.0,all,0.013000941030361753,4.448497051456505e-06,1e-08,4.726526147325844e-07
15,10000.0,all,0.013000941030361757,4.448495216022882e-05,1e-08,4.726526147325844e-06
16,1.0,maxwell,0.013,4.448495197483147e-09,1e-08,4.726526147325844e-10
16,2.5,maxwell,0.013,1.112123799370787e-08,1e-08,1.1816315368314611e-09
16,10.0,maxwell,0.013,4.448495197483148e-08,1e-08,4.7265261473258444e-09
16,100.0,maxwell,0.013,4.4484951974831477e-07,1e-08,4.7265261473258444e-08
16,1000.0,maxwell,0.013,4.448495197483147e-06,1e-08,4.726526147325844e-07
16,10000.0,maxwell,0.013,4.448495197483148e-05,1e-08,4.726526147325844e-06
16,1.0,grain,0.01300084456878986,1.9090577287841206e-09,1e-08,0.0
16,2.5,grain,0.013000844572414643,7.636263688879919e-10,1e-08,0.0
16,10.0,grain,0.013000844573061929,1.9090673853409264e-10,1e-08,0.0
16,100.0,grain,0.01300084457310465,1.9090674819069877e-11,1e-08,0.0
16,1000.0,grain,0.013000844573105077,1.909067482872649e-12,1e-08,0.0
16,10000.0,grain,0.013000844573105082,1.909067482882305e-13,1e-08,0.0
16,1.0,all,0.01300084456878986,6.357552926267267e-09,1e-08,4.726526147325844e-10
16,2.5,all,0.013000844572414643,1.188486436259586e-08,1e-08,1.1816315368314611e-09
16,10.0,all,0.013000844573061929,4.4675858713365567e-08,1e-08,4.7265261473258444e-09
16,100.0,all,0.01300084457310465,4.4486861042313385e-07,1e-08,4.7265261473258444e-08
16,1000.0,all,0.013000844573105077,4.44849710655063e-06,1e-08,4.726526147325844e-07
16,10000.0,all,0.013000844573105082,4.4484952165738226e-05,1e-08,4.726526147325844e-06
17,1.0,maxwell,0.013,4.448495197483147e-09,1e-08,4.726526147325844e-10
17,2.5,maxwell,0.013,1.112123799370787e-08,1e-08,1.1816315368314611e-09
17,10.0,maxwell,0.013,4.448495197483148e-08,1e-08,4.7265261473258444e-09
17,100.0,maxwell,0.013,4.4484951974831477e-07,1e-08,4.7265261473258444e-08
17,1000.0,maxwell,0.013,4.448495197483147e-06,1e-08,4.726526147325844e-07
17,10000.0,maxwell,0.013,4.448495197483148e-05,1e-08,4.726526147325844e-06
17,1.0,grain,0.013000761631323889,1.9893980708285335e-09,1e-08,0.0
17,2.5,grain,0.013000761635688819,7.957637888505918e-10,1e-08,0.0
17,10.0,grain,0.013000761636468277,1.989411508086293e-10,1e-08,0.0
17,100.0,grain,0.01300076163651972,1.9894116424597876e-11,1e-08,0.0
17,1000.0,grain,0.013000761636520235,1.9894116438035232e-12,1e-08,0.0
17,10000.0,grain,0.01300076163652024,1.9894116438169604e-13,1e-08,0.0
17,1.0,all,0.013000761631323889,6.43789326831168e-09,1e-08,4.726526147325844e-10
17,2.5,all,0.013000761635688819,1.191700178255846e-08,1e-08,1.1816315368314611e-09
17,10.0,all,0.013000761636468277,4.4683893125640106e-08,1e-08,4.7265261473258444e-09
17,100.0,all,0.01300076163651972,4.4486941386473935e-07,1e-08,4.7265261473258444e-08
17,1000.0,all,0.013000761636520235,4.448497186894791e-06,1e-08,4.726526147325844e-07
17,10000.0,all,0.01300076163652024,4.4484952173772645e-05,1e-08,4.726526147325844e-06
18,1.0,maxwell,0.013,4.448495197483147e-09,1e-08,4.726526147325844e-10
18,2.5,maxwell,0.013,1.112123799370787e-08,1e-08,1.1816315368314611e-09
18,10.0,maxwell,0.013,4.448495197483148e-08,1e-08,4.7265261473258444e-09
18,100.0,maxwell,0.013,4.4484951974831477e-07,1e-08,4.7265261473258444e-08
18,1000.0,maxwell,0.013,4.448495197483147e-06,1e-08,4.726526147325844e-07
18,10000.0,maxwell,0.013,4.448495197483148e-05,1e-08,4.726526147325844e-06
18,1.0,grain,0.013000752454643522,2.3170784409209077e-09,1e-08,0.0
18,2.5,grain,0.01300075246063701,9.268387588125843e-10,1e-08,0.0
18,10.0,grain,0.013000752461707286,2.317100192796428e-10,1e-08,0.0
18,100.0,grain,0.013000752461777926,2.3171004103172455e-11,1e-08,0.0
18,1000.0,grain,0.013000752461778632,2.317100412492454e-12,1e-08,0.0
18,10000.0,grain,0.013000752461778639,2.317100412514206e-13,1e-08,0.0
18,1.0,all,0.013000752454643522,6.765573638404054e-09,1e-08,4.726526147325844e-10
18,2.5,all,0.01300075246063701,1.2048076752520454e-08,1e-08,1.1816315368314611e-09
18,10.0,all,0.013000752461707286,4.471666199411112e-08,1e-08,4.7265261473258444e-09
18,100.0,all,0.013000752461777926,4.4487269075241794e-07,1e-08,4.7265261473258444e-08
18,1000.0,all,0.013000752461778632,4.448497514583559e-06,1e-08,4.726526147325844e-07
18,10000.0,all,0.013000752461778639,4.4484952206541524e-05,1e-08,4.726526147325844e-06
19,1.0,maxwell,0.013,4.448495197483147e-09,1e-08,4.726526147325844e-10
19,2.5,maxwell,0.013,1.112123799370787e-08,1e-08,1.1816315368314611e-09
19,10.0,maxwell,0.013,4.448495197483148e-08,1e-08,4.7265261473258444e-09
19,100.0,maxwell,0.013,4.4484951974831477e-07,1e-08,4.7265261473258444e-08
19,1000.0,maxwell,0.013,4.448495197483147e-06,1e-08,4.726526147325844e-07
19,10000.0,maxwell,0.013,4.448495197483148e-05,1e-08,4.726526147325844e-06
19,1.0,grain,0.0130006710629694,2.4361185990137737e-09,1e-08,0.0
19,2.5,grain,0.013000671070398085,9.744582267648943e-10,1e-08,0.0
19,10.0,grain,0.013000671071724654,2.436150382671219e-10,1e-08,0.0
19,100.0,grain,0.013000671071812207,2.4361507005119813e-11,1e-08,0.0
19,1000.0,grain,0.013000671071813083,2.4361507036903894e-12,1e-08,0.0
19,10000.0,grain,0.013000671071813092,2.436150703722173e-13,1e-08,0.0
19,1.0,all,0.0130006710629694,6.884613796496921e-09,1e-08,4.726526147325844e-10
19,2.5,all,0.013000671070398085,1.2095696220472764e-08,1e-08,1.1816315368314611e-09
19,10.0,all,0.013000671071724654,4.47285670130986e-08,1e-08,4.7265261473258444e-09
19,100.0,all,0.013000671071812207,4.448738812553199e-07,1e-08,4.7265261473258444e-08
19,1000.0,all,0.013000671071813083,4.448497633633851e-06,1e-08,4.726526147325844e-07
19,10000.0,all,0.013000671071813092,4.448495221844655e-05,1e-08,4.726526147325844e-06
20,1.0,maxwell,0.013,4.448495197483147e-09,1e-08,4.726526147325844e-10
20,2.5,maxwell,0.013,1.112123799370787e-08,1e-08,1.1816315368314611e-09
20,10.0,maxwell,0.013,4.448495197483148e-08,1e-08,4.7265261473258444e-09
20,100.0,maxwell,0.013,4.4484951974831477e-07,1e-08,4.7265261473258444e-08
20,1000.0,maxwell,0.013,4.448495197483147e-06,1e-08,4.726526147325844e-07
20,10000.0,maxwell,0.013,4.448495197483148e-05,1e-08,4.726526147325844e-06
20,1.0,grain,0.013000634926510525,2.894630554825085e-09,1e-08,0.0
20,2.5,grain,0.013000634937595653,1.1578724367714026e-09,1e-08,0.0
20,10.0,grain,0.01300063493957518,2.8946901165969537e-10,1e-08,0.0
20,100.0,grain,0.01300063493970583,2.8946907122270512e-11,1e-08,0.0
20,1000.0,grain,0.013000634939707136,2.8946907181833533e-12,1e-08,0.0
20,10000.0,grain,0.013000634939707148,2.8946907182429156e-13,1e-08,0.0
20,1.0,all,0.013000634926510525,7.343125752308232e-09,1e-08,4.726526147325844e-10
20,2.5,all,0.013000634937595653,1.2279110430479272e-08,1e-08,1.1816315368314611e-09
20,10.0,all,0.01300063493957518,4.4774420986491174e-08,1e-08,4.7265261473258444e-09
20,100.0,all,0.01300063493970583,4.4487846665543705e-07,1e-08,4.7265261473258444e-08
20,1000.0,all,0.013000634939707136,4.448498092173865e-06,1e-08,4.726526147325844e-07
20,10000.0,all,0.013000634939707148,4.448495226430055e-05,1e-08,4.726526147325844e-06
21,1.0,maxwell,0.013,4.448495197483147e-09,1e-08,4.726526147325844e-10
21,2.5,maxwell,0.013,1.112123799370787e-08,1e-08,1.1816315368314611e-09
21,10.0,maxwell,0.013,4.448495197483148e-08,1e-08,4.7265261473258444e-09
21,100.0,maxwell,0.013,4.4484951974831477e-07,1e-08,4.7265261473258444e-08
21,1000.0,maxwell,0.013,4.448495197483147e-06,1e-08,4.726526147325844e-07
21,10000.0,maxwell,0.013,4.448495197483148e-05,1e-08,4.726526147325844e-06
21,1.0,grain,0.013000527819932911,3.0940989545906878e-09,1e-08,0.0
21,2.5,grain,0.01300052783516851,1.237675306480504e-09,1e-08,0.0
21,10.0,grain,0.013000527837889245,3.0942042152457133e-10,1e-08,0.0
21,100.0,grain,0.013000527838068814,3.0942052678884306e-11,1e-08,0.0
21,1000.0,grain,0.01300052783807061,3.0942052784148618e-12,1e-08,0.0
21,10000.0,grain,0.013000527838070628,3.0942052785201254e-13,1e-08,0.0
21,1.0,all,0.013000527819932911,7.542594152073835e-09,1e-08,4.726526147325844e-10
21,2.5,all,0.01300052783516851,1.2358913300188373e-08,1e-08,1.1816315368314611e-09
21,10.0,all,0.013000527837889245,4.479437239635605e-08,1e-08,4.7265261473258444e-09
21,100.0,all,0.013000527838068814,4.4488046180099366e-07,1e-08,4.7265261473258444e-08
21,1000.0,all,0.01300052783807061,4.448498291688425e-06,1e-08,4.726526147325844e-07
21,10000.0,all,0.013000527838070628,4.4484952284252006e-05,1e-08,4.726526147325844e-06
22,1.0,maxwell,0.013,4.448495197483147e-09,1e-08,4.726526147325844e-10
22,2.5,maxwell,0.013,1.112123799370787e-08,1e-08,1.1816315368314611e-09
22,10.0,maxwell,0.013,4.448495197483148e-08,1e-08,4.7265261473258444e-09
22,100.0,maxwell,0.013,4.4484951974831477e-07,1e-08,4.7265261473258444e-08
22,1000.0,maxwell,0.013,4.448495197483147e-06,1e-08,4.726526147325844e-07
22,10000.0,maxwell,0.013,4.448495197483148e-05,1e-08,4.726526147325844e-06
22,1.0,grain,0.013000462946004841,3.850815221863515e-09,1e-08,0.0
22,2.5,grain,0.013000462972910864,1.5404156111683773e-09,1e-08,0.0
22,10.0,grain,0.01300046297771584,3.8510789960258995e-10,1e-08,0.0
22,100.0,grain,0.013000462978032971,3.8510816339500105e-11,1e-08,0.0
22,1000.0,grain,0.013000462978036142,3.85108166032927e-12,1e-08,0.0
22,10000.0,grain,0.013000462978036175,3.851081660593062e-13,1e-08,0.0
22,1.0,all,0.013000462946004841,8.299310419346663e-09,1e-08,4.726526147325844e-10
22,2.5,all,0.013000462972910864,1.2661653604876246e-08,1e-08,1.1816315368314611e-09
22,10.0,all,0.01300046297771584,4.4870059874434066e-08,1e-08,4.7265261473258444e-09
22,100.0,all,0.013000462978032971,4.4488803056465425e-07,1e-08,4.7265261473258444e-08
22,1000.0,all,0.013000462978036142,4.448499048564807e-06,1e-08,4.726526147325844e-07
22,10000.0,all,0.013000462978036175,4.4484952359939645e-05,1e-08,4.726526147325844e-06
23,1.0,maxwell,0.013,4.448495197483147e-09,1e-08,4.726526147325844e-10
23,2.5,maxwell,0.013,1.112123799370787e-08,1e-08,1.1816315368314611e-09
23,10.0,maxwell,0.013,4.448495197483148e-08,1e-08,4.7265261473258444e-09
23,100.0,maxwell,0.013,4.4484951974831477e-07,1e-08,4.7265261473258444e-08
23,1000.0,maxwell,0.013,4.448495197483147e-06,1e-08,4.726526147325844e-07
23,10000.0,maxwell,0.013,4.448495197483148e-05,1e-08,4.726526147325844e-06
23,1.0,grain,0.013000349797955089,4.578428649247949e-09,1e-08,0.0
23,2.5,grain,0.01300034984829159,1.8316349970598626e-09,1e-08,0.0
23,10.0,grain,0.013000349857281775,4.579205163210967e-10,1e-08,0.0
23,100.0,grain,0.013000349857875142,4.5792129296807576e-11,1e-08,0.0
23,1000.0,grain,0.013000349857881077,4.579213007345588e-12,1e-08,0.0
23,10000.0,grain,0.013000349857881136,4.579213008122236e-13,1e-08,0.0
23,1.0,all,0.013000349797955089,9.026923846731096e-09,1e-08,4.726526147325844e-10
23,2.5,all,0.01300034984829159,1.2952872990767732e-08,1e-08,1.1816315368314611e-09
23,10.0,all,0.013000349857281775,4.494287249115258e-08,1e-08,4.7265261473258444e-09
23,100.0,all,0.013000349857875142,4.448953118776116e-07,1e-08,4.7265261473258444e-08
23,1000.0,all,0.013000349857881077,4.448499776696154e-06,1e-08,4.726526147325844e-07
23,10000.0,all,0.013000349857881136,4.448495243275278e-05,1e-08,4.726526147325844e-06
24,1.0,maxwell,0.013,4.448495197483147e-09,1e-08,4.726526147325844e-10
24,2.5,maxwell,0.013,1.112123799370787e-08,1e-08,1.1816315368314611e-09
24,10.0,maxwell,0.013,4.448495197483148e-08,1e-08,4.7265261473258444e-09
24,100.0,maxwell,0.013,4.4484951974831477e-07,1e-08,4.7265261473258444e-08
24,1000.0,maxwell,0.013,4.448495197483147e-06,1e-08,4.726526147325844e-07
24,10000.0,maxwell,0.013,4.448495197483148e-05,1e-08,4.726526147325844e-06
24,1.0,grain,0.013000302983310381,7.282999493093157e-09,1e-08,0.0
24,2.5,grain,0.013000303130352242,2.9146136121411995e-09,1e-08,0.0
24,10.0,grain,0.013000303156624737,7.287165558765027e-10,1e-08,0.0
24,100.0,grain,0.013000303158358883,7.287207243491174e-11,1e-08,0.0
24,1000.0,grain,0.013000303158376223,7.287207660340845e-12,1e-08,0.0
24,10000.0,grain,0.013000303158376397,7.287207664509343e-13,1e-08,0.0
24,1.0,all,0.013000302983310381,1.1731494690576303e-08,1e-08,4.726526147325844e-10
24,2.5,all,0.013000303130352242,1.4035851605849068e-08,1e-08,1.1816315368314611e-09
24,10.0,all,0.013000303156624737,4.521366853070798e-08,1e-08,4.7265261473258444e-09
24,100.0,all,0.013000303158358883,4.449223918207497e-07,1e-08,4.7265261473258444e-08
24,1000.0,all,0.013000303158376223,4.448502484690807e-06,1e-08,4.726526147325844e-07
24,10000.0,all,0.013000303158376397,4.448495270355225e-05,1e-08,4.726526147325844e-06
25,1.0,maxwell,0.013,4.448495197483147e-09,1e-08,4.726526147325844e-10
25,2.5,maxwell,0.013,1.112123799370787e-08,1e-08,1.1816315368314611e-09
25,10.0,maxwell,0.013,4.448495197483148e-08,1e-08,4.7265261473258444e-09
25,100.0,maxwell,0.013,4.4484951974831477e-07,1e-08,4.7265261473258444e-08
25,1000.0,maxwell,0.013,4.448495197483147e-06,1e-08,4.726526147325844e-07
25,10000.0,maxwell,0.013,4.448495197483148e-05,1e-08,4.726526147325844e-06
25,1.0,grain,0.013000183370783468,1.0849404326460413e-08,1e-08,0.0
25,2.5,grain,0.01300018390969534,4.352515938603391e-09,1e-08,0.0
25,10.0,grain,0.013000184006263108,1.0887003421640917e-09,1e-08,0.0
25,100.0,grain,0.013000184012640147,1.08873807286819e-10,1e-08,0.0
25,1000.0,grain,0.013000184012703921,1.088738450188438e-11,1e-08,0.0
25,10000.0,grain,0.013000184012704558,1.0887384539616418e-12,1e-08,0.0
25,1.0,all,0.013000183370783468,1.529789952394356e-08,1e-08,4.726526147325844e-10
25,2.5,all,0.01300018390969534,1.547375393231126e-08,1e-08,1.1816315368314611e-09
25,10.0,all,0.013000184006263108,4.5573652316995566e-08,1e-08,4.7265261473258444e-09
25,100.0,all,0.013000184012640147,4.449583935556016e-07,1e-08,4.7265261473258444e-08
25,1000.0,all,0.013000184012703921,4.448506084867648e-06,1e-08,4.726526147325844e-07
25,10000.0,all,0.013000184012704558,4.4484953063569934e-05,1e-08,4.726526147325844e-06
26,1.0,maxwell,0.013,4.448495197483147e-09,1e-08,4.726526147325844e-10
26,2.5,maxwell,0.013,1.112123799370787e-08,1e-08,1.1816315368314611e-09
26,10.0,maxwell,0.013,4.448495197483148e-08,1e-08,4.7265261473258444e-09
26,100.0,maxwell,0.013,4.4484951974831477e-07,1e-08,4.7265261473258444e-08
26,1000.0,maxwell,0.013,4.448495197483147e-06,1e-08,4.726526147325844e-07
26,10000.0,maxwell,0.013,4.448495197483148e-05,1e-08,4.726526147325844e-06
26,1.0,grain,0.01300002076369038,2.1848287853055322e-08,1e-08,0.0
26,2.5,grain,0.01300003716872183,1.5644096379585995e-08,1e-08,0.0
26,10.0,grain,0.013000043274099527,4.5534534844015484e-09,1e-08,0.0
26,100.0,grain,0.013000043748386156,4.6033595974788903e-10,1e-08,0.0
26,1000.0,grain,0.01300004375318153,4.6038641836514073e-11,1e-08,0.0
26,10000.0,grain,0.013000043753229489,4.603869230071753e-12,1e-08,0.0
26,1.0,all,0.01300002076369038,2.629678305053847e-08,1e-08,4.726526147325844e-10
26,2.5,all,0.01300003716872183,2.6765334373293864e-08,1e-08,1.1816315368314611e-09
26,10.0,all,0.013000043274099527,4.9038405459233026e-08,1e-08,4.7265261473258444e-09
26,100.0,all,0.013000043748386156,4.4530985570806265e-07,1e-08,4.7265261473258444e-08
26,1000.0,all,0.01300004375318153,4.448541236124983e-06,1e-08,4.726526147325844e-07
26,10000.0,all,0.013000043753229489,4.448495657870071e-05,1e-08,4.726526147325844e-06
27,1.0,maxwell,0.013,4.448495197483147e-09,1e-08,4.726526147325844e-10
27,2.5,maxwell,0.013,1.112123799370787e-08,1e-08,1.1816315368314611e-09
27,10.0,maxwell,0.013,4.448495197483148e-08,1e-08,4.7265261473258444e-09
27,100.0,maxwell,0.013,4.4484951974831477e-07,1e-08,4.7265261473258444e-08
27,1000.0,maxwell,0.013,4.448495197483147e-06,1e-08,4.726526147325844e-07
27,10000.0,maxwell,0.013,4.448495197483148e-05,1e-08,4.726526147325844e-06
27,1.0,grain,0.013,0.0,1e-08,0.0
27,2.5,grain,0.013,0.0,1e-08,0.0
27,10.0,grain,0.013,0.0,1e-08,0.0
27,100.0,grain,0.013,0.0,1e-08,0.0
27,1000.0,grain,0.013,0.0,1e-08,0.0
27,10000.0,grain,0.013,0.0,1e-08,0.0
27,1.0,all,0.013,4.448495197483147e-09,1e-08,4.726526147325844e-10
27,2.5,all,0.013,1.112123799370787e-08,1e-08,1.1816315368314611e-09
27,10.0,all,0.013,4.448495197483148e-08,1e-08,4.7265261473258444e-09
27,100.0,all,0.013,4.4484951974831477e-07,1e-08,4.7265261473258444e-08
27,1000.0,all,0.013,4.448495197483147e-06,1e-08,4.726526147325844e-07
27,10000.0,all,0.013,4.448495197483148e-05,1e-08,4.726526147325844e-06
28,1.0,maxwell,0.013,4.448495197483147e-09,1e-08,4.726526147325844e-10
28,2.5,maxwell,0.013,1.112123799370787e-08,1e-08,1.1816315368314611e-09
28,10.0,maxwell,0.013,4.448495197483148e-08,1e-08,4.7265261473258444e-09
28,100.0,maxwell,0.013,4.4484951974831477e-07,1e-08,4.7265261473258444e-08
28,1000.0,maxwell,0.013,4.448495197483147e-06,1e-08,4.726526147325844e-07
28,10000.0,maxwell,0.013,4.448495197483148e-05,1e-08,4.726526147325844e-06
28,1.0,grain,0.013,0.0,1e-08,0.0
28,2.5,grain,0.013,0.0,1e-08,0.0
28,10.0,grain,0.013,0.0,1e-08,0.0
28,100.0,grain,0.013,0.0,1e-08,0.0
28,1000.0,grain,0.013,0.0,1e-08,0.0
28,10000.0,grain,0.013,0.0,1e-08,0.0
28,1.0,all,0.013,4.448495197483147e-09,1e-08,4.726526147325844e-10
28,2.5,all,0.013,1.112123799370787e-08,1e-08,1.1816315368314611e-09
28,10.0,all,0.013,4.448495197483148e-08,1e-08,4.7265261473258444e-09
28,100.0,all,0.013,4.4484951974831477e-07,1e-08,4.7265261473258444e-08
28,1000.0,all,0.013,4.448495197483147e-06,1e-08,4.726526147325844e-07
28,10000.0,all,0.013,4.448495197483148e-05,1e-08,4.726526147325844e-06
