time_h,paper_sigma_real_s_m,paper_sigma_imag_s_m,paper_cec_meq_g,series,our_sigma_real_s_m,our_sigma_imag_s_m,frame
0.0,0.243329955,0.039408235,0.015610335,paper_si_s02,,,
0.008333333,0.275320743,0.032558965,0.01291044,paper_si_s02,,,
0.050404531,0.259505388,0.024543778,0.009904798,paper_si_s02,,,
0.092475728,0.275313486,0.020171001,0.008298334,paper_si_s02,,,
0.134546926,0.290748223,0.019626233,0.00821542,paper_si_s02,,,
0.176618123,0.327398643,0.024240639,0.010326279,paper_si_s02,,,
0.21868932,0.362530785,0.029262418,0.012706609,paper_si_s02,,,
0.260760518,0.379420037,0.032355713,0.014423625,paper_si_s02,,,
0.302831715,0.375476509,0.032497203,0.015128396,paper_si_s02,,,
0.344902913,0.381632585,0.034549543,0.016752133,paper_si_s02,,,
0.38697411,0.387989819,0.03672237,0.01859352,paper_si_s02,,,
0.429045307,0.391639645,0.038185725,0.020186165,paper_si_s02,,,
0.471116505,0.399933998,0.040360092,0.02213465,paper_si_s02,,,
0.513187702,0.387056836,0.039252192,0.022383393,paper_si_s02,,,
0.5552589,0.394535757,0.041440666,0.024632442,paper_si_s02,,,
0.597330097,0.376345353,0.03959936,0.024546073,paper_si_s02,,,
0.639401294,0.38554705,0.042300972,0.027593171,paper_si_s02,,,
0.681472492,0.387061626,0.044032672,0.030374253,paper_si_s02,,,
0.723543689,0.360094359,0.043112273,0.033504266,paper_si_s02,,,
0.765614887,0.354778606,0.043457164,0.035988239,paper_si_s02,,,
0.807686084,0.344017555,0.042850731,0.037971271,paper_si_s02,,,
0.849757282,0.347614293,0.044318576,0.041688594,paper_si_s02,,,
0.891828479,0.340034616,0.043878386,0.043719993,paper_si_s02,,,
0.933899676,0.329666029,0.043260818,0.047378584,paper_si_s02,,,
0.975970874,0.328186089,0.043376091,0.050211487,paper_si_s02,,,
1.018042071,0.328040111,0.043767175,0.053168762,paper_si_s02,,,
1.060113269,0.318015491,0.042755119,0.055310714,paper_si_s02,,,
1.102184466,0.317544353,0.043335967,0.059560069,paper_si_s02,,,
1.144255663,0.312455047,0.043305823,0.064044348,paper_si_s02,,,
1.186326861,0.314092951,0.04392475,0.068604632,paper_si_s02,,,
1.228398058,0.309295774,0.043431434,0.070902047,paper_si_s02,,,
1.270469256,0.307065085,0.04333915,0.074097701,paper_si_s02,,,
1.312540453,0.296027305,0.041947026,0.076225833,paper_si_s02,,,
1.35461165,0.288139645,0.040941602,0.078022308,paper_si_s02,,,
1.396682848,0.281303067,0.039891862,0.07929366,paper_si_s02,,,
1.438754045,0.275386383,0.038987836,0.080333543,paper_si_s02,,,
1.480825243,0.267550253,0.037705229,0.08261714,paper_si_s02,,,
1.52289644,0.258910015,0.036549721,0.084651994,paper_si_s02,,,
1.564967638,0.254525416,0.035910186,0.087602359,paper_si_s02,,,
1.607038835,0.247550927,0.034696158,0.089792677,paper_si_s02,,,
1.649110032,0.248690241,0.034915671,0.095002456,paper_si_s02,,,
1.69118123,0.243083684,0.034049569,0.098108285,paper_si_s02,,,
1.733252427,0.234132521,0.032650787,0.103314609,paper_si_s02,,,
1.775323625,0.228930054,0.031891357,0.106009322,paper_si_s02,,,
1.817394822,0.20882192,0.028622004,0.098650683,paper_si_s02,,,
1.859466019,0.186990023,0.025066007,0.089844498,paper_si_s02,,,
1.901537217,0.159374617,0.020622652,0.078122497,paper_si_s02,,,
1.943608414,0.159549171,0.020717316,0.082458221,paper_si_s02,,,
1.985679612,0.150826924,0.019330666,0.080679019,paper_si_s02,,,
2.027750809,0.160506718,0.020835641,0.090265979,paper_si_s02,,,
2.069822006,0.149193535,0.019034826,0.0865072,paper_si_s02,,,
2.111893204,0.145417309,0.018497939,0.08758854,paper_si_s02,,,
2.153964401,0.11200311,0.013011632,0.06379215,paper_si_s02,,,
2.196035599,0.108807997,0.012626141,0.064552198,paper_si_s02,,,
2.238106796,0.112415821,0.013340469,0.070829497,paper_si_s02,,,
2.280177994,0.133404766,0.01697262,0.094567156,paper_si_s02,,,
2.322249191,0.136213166,0.017547879,0.101870519,paper_si_s02,,,
2.364320388,0.103386891,0.012105991,0.07295072,paper_si_s02,,,
2.406391586,0.066901002,0.006165637,0.038382388,paper_si_s02,,,
2.448462783,0.05681729,0.004267096,0.026556743,paper_si_s02,,,
2.490533981,0.078395079,0.006302231,0.035273104,paper_si_s02,,,
2.532605178,0.097334068,0.009378884,0.054177552,paper_si_s02,,,
2.574676375,0.084477298,0.007026247,0.041536584,paper_si_s02,,,
2.616747573,0.083592953,0.006572785,0.039905937,paper_si_s02,,,
2.65881877,0.073691711,0.004850867,0.03063336,paper_si_s02,,,
2.700889968,0.081956101,0.005563796,0.035452751,paper_si_s02,,,
2.742961165,0.094799687,0.007703792,0.050726247,paper_si_s02,,,
2.785032362,0.104193695,0.009265246,0.062624441,paper_si_s02,,,
2.82710356,0.100958258,0.008715232,0.060897061,paper_si_s02,,,
2.869174757,0.082596111,0.005602496,0.040987277,paper_si_s02,,,
2.911245955,0.083640833,0.005672653,0.043844364,paper_si_s02,,,
2.953317152,0.082609324,0.005475519,0.044397126,paper_si_s02,,,
2.99538835,0.077510631,0.004565366,0.038948969,paper_si_s02,,,
3.037459547,0.073239985,0.003845219,0.034160671,paper_si_s02,,,
3.079530744,0.070106473,0.003266301,0.030153149,paper_si_s02,,,
3.121601942,0.081350103,0.005133034,0.049202697,paper_si_s02,,,
3.163673139,0.081061202,0.005016626,0.050764249,paper_si_s02,,,
3.205744337,0.08071839,0.004897058,0.052902746,paper_si_s02,,,
3.247815534,0.082467593,0.004858023,0.054364109,paper_si_s02,,,
3.289886731,0.076686026,0.003564117,0.041764598,paper_si_s02,,,
3.331957929,0.083599955,0.004361446,0.053148034,paper_si_s02,,,
3.374029126,0.080457172,0.003823084,0.049368526,paper_si_s02,,,
3.416100324,0.080836711,0.003855429,0.052398351,paper_si_s02,,,
3.458171521,0.075810604,0.003102478,0.044065469,paper_si_s02,,,
3.500242718,0.075222546,0.002913724,0.044531861,paper_si_s02,,,
3.542313916,0.070764651,0.002062196,0.033576816,paper_si_s02,,,
3.584385113,0.082142414,0.002130197,0.034509601,paper_si_s02,,,
3.626456311,0.083212213,0.001953448,0.03394993,paper_si_s02,,,
3.668527508,0.085625133,0.002126742,0.039981942,paper_si_s02,,,
3.710598706,0.089879257,0.002763367,0.055241619,paper_si_s02,,,
3.752669903,0.094117238,0.003343982,0.071879745,paper_si_s02,,,
3.7947411,0.101431318,0.004649145,0.107259946,paper_si_s02,,,
3.836812298,0.101064403,0.004633202,0.116473792,paper_si_s02,,,
3.878883495,0.101811161,0.004723115,0.133757958,paper_si_s02,,,
3.920954693,0.095420006,0.003662534,0.118042253,paper_si_s02,,,
3.96302589,0.091104212,0.002986253,0.109557361,paper_si_s02,,,
4.005097087,0.081251758,0.001343681,0.058361267,paper_si_s02,,,
4.047168285,0.080649506,0.001324327,0.065540259,paper_si_s02,,,
4.089239482,0.079275933,0.001268849,0.072149216,paper_si_s02,,,
4.13131068,0.080993714,0.001794157,0.117548222,paper_si_s02,,,
4.173381877,0.090442443,0.003446128,0.276850678,paper_si_s02,,,
4.215453074,0.081054872,0.002229379,0.238247185,paper_si_s02,,,
4.257524272,0.358157756,0.0,0.192817086,paper_si_s02,,,
4.299595469,0.355381319,0.0,0.0,paper_si_s02,,,
4.341666667,0.353023425,0.0,0.0,paper_si_s02,,,
0.0002777777777777,,,,ac2d_all,0.1791367114796268,0.0281708693640401,1.0
0.0005555555555555,,,,ac2d_all,0.18331302360415,0.0280061700714924,2.0
0.0011111111111111,,,,ac2d_all,0.191665931404133,0.0276768187442016,3.0
0.0022222222222222,,,,ac2d_all,0.208372881078121,0.0270183051021986,4.0
0.0044444444444444,,,,ac2d_all,0.2110737803606233,0.0257020337207461,5.0
0.0088888888888888,,,,ac2d_all,0.1974744772335676,0.0233214868569104,6.0
0.0177777777777777,,,,ac2d_all,0.191074314945847,0.0220560652250319,7.0
0.0355555555555555,,,,ac2d_all,0.180059923815436,0.0195618769537359,8.0
0.0711111111111111,,,,ac2d_all,0.193312040455366,0.0159338499561277,9.0
0.1422222222222222,,,,ac2d_all,0.2133802818753226,0.0146663628664993,10.0
0.2844444444444444,,,,ac2d_all,0.2825253769290186,0.0243082784411353,11.0
0.5344444444444445,,,,ac2d_all,0.3123080009676015,0.032299586081038,12.0
0.7844444444444445,,,,ac2d_all,0.2883656852427147,0.0356426605840937,13.0
1.0344444444444445,,,,ac2d_all,0.2762002352388597,0.0370162901499956,14.0
1.2844444444444445,,,,ac2d_all,0.2653963949633654,0.0375606614483085,15.0
1.5344444444444445,,,,ac2d_all,0.2283520842304967,0.0322863386215936,16.0
1.7844444444444445,,,,ac2d_all,0.2006097987392151,0.0279118877458093,17.0
2.0344444444444445,,,,ac2d_all,0.1438932848622739,0.0186884636587435,18.0
2.2844444444444445,,,,ac2d_all,0.1236131620652697,0.0158058608170754,19.0
2.5344444444444445,,,,ac2d_all,0.0908193370899812,0.0087672733160202,20.0
2.7844444444444445,,,,ac2d_all,0.0990224657620136,0.0088707033110545,21.0
3.0344444444444445,,,,ac2d_all,0.0705697912468899,0.0037877113808125,22.0
3.2844444444444445,,,,ac2d_all,0.0753965128259298,0.0036828580479317,23.0
3.5344444444444445,,,,ac2d_all,0.0700025567817635,0.0022049513763573,24.0
3.784444444444445,,,,ac2d_all,0.098270070158605,0.0043566777411357,25.0
4.0344444444444445,,,,ac2d_all,0.0796131145717671,0.0013417870497242,26.0
4.2844444444444445,,,,ac2d_all,0.3480865192324436,1.1121237993752873e-08,27.0
4.5344444444444445,,,,ac2d_all,0.3530234244212448,1.1121237993714118e-08,28.0
