figure_context,data_source,frequency_hz,real_conductivity_s_m,imaginary_conductivity_s_m,real_relative_permittivity,iterations,relative_residual_norm,imaginary_relative_permittivity
ours_full_grid_gpu_fft,our_simulation,0.001,0.0026583875728862,3.718191679573615e-05,668348805.8744484,172.0,8.529268908953394e-06,
ours_full_grid_gpu_fft,our_simulation,0.01,0.0027408185131195,0.0001098282958272,197417499.4005483,1.0,9.113579240346638e-06,
ours_full_grid_gpu_fft,our_simulation,0.1,0.0029897292274052,0.0002820441417638,50697726.636120096,1.0,8.457702965710499e-06,
ours_full_grid_gpu_fft,our_simulation,1.0,0.0035905870991253,0.0004781443604227,8594694.406953217,1.0,8.426773843546294e-06,
ours_full_grid_gpu_fft,our_simulation,10.0,0.0043506158892128,0.0005181825346209,931438.4735501014,1.0,8.46130247998586e-06,
ours_full_grid_gpu_fft,our_simulation,100.0,0.0051228083090379,0.0004244870626822,76301.98922002174,1.0,9.957947812323031e-06,
ours_full_grid_gpu_fft,our_simulation,1000.0,0.0055720677842565,0.0001956677295918,3517.147707561573,70.0,9.95826180813679e-06,
ours_full_grid_gpu_fft,our_simulation,10000.0,0.0057117004373177,7.881437340561225e-05,141.66965259151033,418.0,9.3548197340687e-06,
ours_full_grid_gpu_fft,our_simulation,100000.0,0.005765720116618,0.0001925832042638,34.617030452810305,205.0,9.254215753889592e-06,
ours_full_grid_gpu_fft,our_simulation,1000000.0,0.006039804664723,0.0014196493258017,25.518343684982863,84.0,9.580880978752527e-06,
ours_full_grid_gpu_fft,our_simulation,100000000.0,0.0085924067055393,0.0874888862973761,15.72621793689833,14.0,8.362016307389232e-06,
ours_full_grid_gpu_fft,our_simulation,1000000000.0,0.0086189584548104,0.8726728396501459,15.686384688110628,11.0,2.4810072333421635e-06,
figure6_conductivity_experiment,paper_experiment,0.002,0.00264398781736048,1.60650676742921e-05,,,,
figure6_conductivity_experiment,paper_experiment,0.005,0.0025479491648252,2.82732042861887e-05,,,,
figure6_conductivity_experiment,paper_experiment,0.01,0.00252088736223894,3.54989611590129e-05,,,,
figure6_conductivity_experiment,paper_experiment,0.02,0.00251952708098358,4.08728336749761e-05,,,,
figure6_conductivity_experiment,paper_experiment,0.05,0.00253729599890799,4.40493458687292e-05,,,,
figure6_conductivity_experiment,paper_experiment,0.1,0.00255512674194494,4.32419823120681e-05,,,,
figure6_conductivity_experiment,paper_experiment,0.2,0.002572086033634,4.08172870807035e-05,,,,
figure6_conductivity_experiment,paper_experiment,0.5,0.00259355658226104,3.75988298510552e-05,,,,
figure6_conductivity_experiment,paper_experiment,1.0,0.00260823928911203,3.53438054642923e-05,,,,
figure6_conductivity_experiment,paper_experiment,2.0,0.00262230754983846,3.34441013079135e-05,,,,
figure6_conductivity_experiment,paper_experiment,5.0,0.00264012772643067,3.18177195058805e-05,,,,
figure6_conductivity_experiment,paper_experiment,10.0,0.0026532730131495,3.10553253824406e-05,,,,
figure6_conductivity_experiment,paper_experiment,20.0,0.00266636879104168,3.02539185272497e-05,,,,
figure6_conductivity_experiment,paper_experiment,30.0,0.00267402325696144,2.97470617211758e-05,,,,
figure6_conductivity_experiment,paper_experiment,70.0,0.00268962577546028,2.87962337535765e-05,,,,
figure6_conductivity_experiment,paper_experiment,130.0,0.00270040736983285,2.82256856687739e-05,,,,
figure6_conductivity_experiment,paper_experiment,200.0,0.00270803340745445,2.81483129142586e-05,,,,
figure6_conductivity_experiment,paper_experiment,500.0,0.0027234382050155,2.91146634567958e-05,,,,
figure6_conductivity_experiment,paper_experiment,1000.0,0.00273526287806537,3.1284565607207e-05,,,,
figure6_conductivity_experiment,paper_experiment,2000.0,0.00274732085639598,3.55907851798338e-05,,,,
figure6_conductivity_experiment,paper_experiment,5000.0,0.00276364469647835,4.77107737434982e-05,,,,
figure6_conductivity_experiment,paper_experiment,10000.0,0.00277562147239663,6.67443517419181e-05,,,,
figure6_conductivity_experiment,paper_experiment,20000.0,0.002782969441929,0.000103557523434116,,,,
figure6_conductivity_experiment,paper_experiment,45000.0,0.00276085704419195,0.000198601406505042,,,,
figure6_permittivity_experiment,paper_experiment,1096520.5777,,,46.516400000000026,,,7.4568
figure6_permittivity_experiment,paper_experiment,1282054.2618,,,46.55959999999996,,,7.8295
figure6_permittivity_experiment,paper_experiment,1467587.9459,,,45.395999999999965,,,8.2566
figure6_permittivity_experiment,paper_experiment,1653121.6299,,,45.53099999999995,,,8.5375
figure6_permittivity_experiment,paper_experiment,1838655.314,,,44.763799999999996,,,9.026
figure6_permittivity_experiment,paper_experiment,2024188.9981,,,44.161400000000036,,,9.456
figure6_permittivity_experiment,paper_experiment,2209722.6822,,,43.583700000000036,,,9.8961
figure6_permittivity_experiment,paper_experiment,2395256.3663,,,43.54940000000003,,,10.4342
figure6_permittivity_experiment,paper_experiment,2580790.0504,,,43.109600000000015,,,10.7745
figure6_permittivity_experiment,paper_experiment,2766323.7344,,,42.53189999999999,,,11.2037
figure6_permittivity_experiment,paper_experiment,3329719.5829,,,40.79719999999999,,,12.4731
figure6_permittivity_experiment,paper_experiment,3893115.4313,,,39.33579999999999,,,13.4555
figure6_permittivity_experiment,paper_experiment,4456511.2797,,,37.88780000000002,,,13.8887
figure6_permittivity_experiment,paper_experiment,5019907.1281,,,36.19690000000006,,,14.0863
figure6_permittivity_experiment,paper_experiment,5583302.9765,,,34.896299999999876,,,14.1936
figure6_permittivity_experiment,paper_experiment,6146698.8249,,,33.58629999999987,,,14.4888
figure6_permittivity_experiment,paper_experiment,6710094.6733,,,32.43740000000007,,,14.3986
figure6_permittivity_experiment,paper_experiment,7273490.5217,,,31.38449999999998,,,14.3174
figure6_permittivity_experiment,paper_experiment,7836886.3701,,,30.227400000000046,,,14.09
figure6_permittivity_experiment,paper_experiment,8400282.2186,,,29.441700000000054,,,13.8906
figure6_permittivity_experiment,paper_experiment,10111102.998,,,27.134599999999995,,,12.7777
figure6_permittivity_experiment,paper_experiment,11821923.7774,,,25.66539999999995,,,11.8911
figure6_permittivity_experiment,paper_experiment,13532744.5567,,,24.55800000000004,,,11.1534
figure6_permittivity_experiment,paper_experiment,15243565.3361,,,23.690999999999995,,,10.3467
figure6_permittivity_experiment,paper_experiment,16954386.1155,,,22.910700000000027,,,9.7107
figure6_permittivity_experiment,paper_experiment,18665206.8949,,,22.374900000000043,,,9.223
figure6_permittivity_experiment,paper_experiment,20376027.6743,,,21.951000000000025,,,8.819
figure6_permittivity_experiment,paper_experiment,22086848.4537,,,21.526799999999987,,,8.3095
figure6_permittivity_experiment,paper_experiment,23797669.2331,,,21.188899999999965,,,7.9433
figure6_permittivity_experiment,paper_experiment,25508490.0125,,,20.85620000000001,,,7.4607
figure6_permittivity_experiment,paper_experiment,30703607.7037,,,20.207500000000003,,,6.5124
figure6_permittivity_experiment,paper_experiment,35898725.3948,,,19.77779999999999,,,5.7799
figure6_permittivity_experiment,paper_experiment,41093843.086,,,19.464399999999994,,,5.1491
figure6_permittivity_experiment,paper_experiment,46288960.7772,,,19.249999999999996,,,4.6401
figure6_permittivity_experiment,paper_experiment,51484078.4683,,,19.11060000000001,,,4.2329
figure6_permittivity_experiment,paper_experiment,56679196.1595,,,19.000699999999984,,,3.8609
figure6_permittivity_experiment,paper_experiment,61874313.8507,,,18.919299999999996,,,3.5719
figure6_permittivity_experiment,paper_experiment,67069431.5418,,,18.833399999999997,,,3.292
figure6_permittivity_experiment,paper_experiment,72264549.233,,,18.773299999999995,,,3.0639
figure6_permittivity_experiment,paper_experiment,77459666.9241,,,18.716800000000013,,,2.8745
figure6_permittivity_experiment,paper_experiment,93235280.6822,,,18.5325,,,2.4565
figure6_permittivity_experiment,paper_experiment,109010894.4403,,,18.39820000000001,,,2.161
figure6_permittivity_experiment,paper_experiment,124786508.1984,,,18.32800000000006,,,1.9272
figure6_permittivity_experiment,paper_experiment,140562121.9565,,,18.31519999999997,,,1.7452
figure6_permittivity_experiment,paper_experiment,156337735.7145,,,18.316400000000037,,,1.6049
figure6_permittivity_experiment,paper_experiment,172113349.4726,,,18.31250000000003,,,1.4879
figure6_permittivity_experiment,paper_experiment,187888963.2307,,,18.285400000000017,,,1.3722
figure6_permittivity_experiment,paper_experiment,203664576.9888,,,18.20909999999999,,,1.2728
figure6_permittivity_experiment,paper_experiment,219440190.7469,,,18.169999999999998,,,1.2037
figure6_permittivity_experiment,paper_experiment,235215804.5049,,,18.183999999999976,,,1.1575
figure6_permittivity_experiment,paper_experiment,283120395.7459,,,18.21209999999999,,,1.0522
figure6_permittivity_experiment,paper_experiment,331024986.9869,,,18.14049999999999,,,0.9395
figure6_permittivity_experiment,paper_experiment,378929578.2279,,,18.187400000000004,,,0.9098
figure6_permittivity_experiment,paper_experiment,426834169.4689,,,18.1394,,,0.8481
figure6_permittivity_experiment,paper_experiment,474738760.71,,,18.169700000000006,,,0.8514
figure6_permittivity_experiment,paper_experiment,522643351.951,,,18.149999999999995,,,0.8095
figure6_permittivity_experiment,paper_experiment,570547943.192,,,18.153699999999994,,,0.8233
figure6_permittivity_experiment,paper_experiment,618452534.433,,,18.162899999999997,,,0.8033
figure6_permittivity_experiment,paper_experiment,666357125.674,,,18.148600000000005,,,0.8236
figure6_permittivity_experiment,paper_experiment,714261716.915,,,18.16939999999999,,,0.8196
figure6_permittivity_experiment,paper_experiment,859729899.463,,,18.158700000000003,,,0.8616
figure7_simulation_real,paper_simulation,10000000000.0,0.004201395049,,,,,
figure7_simulation_real,paper_simulation,4641588833.61277,0.004252734439,,,,,
figure7_simulation_real,paper_simulation,2154434690.03189,0.00419970904466667,,,,,
figure7_simulation_real,paper_simulation,1000000000.0,0.00414905052933333,,,,,
figure7_simulation_real,paper_simulation,464158883.361277,0.00418910873133333,,,,,
figure7_simulation_real,paper_simulation,215443469.003189,0.004174692246,,,,,
figure7_simulation_real,paper_simulation,100000000.0,0.00419043695266667,,,,,
figure7_simulation_real,paper_simulation,46415888.3361277,0.00410231823733333,,,,,
figure7_simulation_real,paper_simulation,21544346.9003189,0.0040788167,,,,,
figure7_simulation_real,paper_simulation,10000000.0,0.00414420089966667,,,,,
figure7_simulation_real,paper_simulation,4641588.83361277,0.00409910633866667,,,,,
figure7_simulation_real,paper_simulation,2154434.69003189,0.00392737790633333,,,,,
figure7_simulation_real,paper_simulation,1000000.0,0.00373976817366667,,,,,
figure7_simulation_real,paper_simulation,464158.883361278,0.003572914827,,,,,
figure7_simulation_real,paper_simulation,215443.469003188,0.00340075014766667,,,,,
figure7_simulation_real,paper_simulation,100000.0,0.003199295839,,,,,
figure7_simulation_real,paper_simulation,46415.8883361278,0.00307277543466667,,,,,
figure7_simulation_real,paper_simulation,21544.3469003188,0.00298897301133333,,,,,
figure7_simulation_real,paper_simulation,10000.0,0.00295325849833333,,,,,
figure7_simulation_real,paper_simulation,4641.58883361278,0.002935306945,,,,,
figure7_simulation_real,paper_simulation,2154.43469003188,0.00292428807966667,,,,,
figure7_simulation_real,paper_simulation,1000.0,0.00291680979233333,,,,,
figure7_simulation_real,paper_simulation,464.158883361278,0.00291078025466667,,,,,
figure7_simulation_real,paper_simulation,215.443469003188,0.002907137464,,,,,
figure7_simulation_real,paper_simulation,100.0,0.00290374388,,,,,
figure7_simulation_real,paper_simulation,46.4158883361277,0.002900098373,,,,,
figure7_simulation_real,paper_simulation,21.5443469003189,0.002896899668,,,,,
figure7_simulation_real,paper_simulation,10.0,0.00289194503166667,,,,,
figure7_simulation_real,paper_simulation,4.64158883361277,0.00288509243766667,,,,,
figure7_simulation_real,paper_simulation,2.15443469003189,0.00287533691166667,,,,,
figure7_simulation_real,paper_simulation,1.0,0.00286133315733333,,,,,
figure7_simulation_real,paper_simulation,0.464158883361277,0.00284314691066667,,,,,
figure7_simulation_real,paper_simulation,0.215443469003189,0.002827985445,,,,,
figure7_simulation_real,paper_simulation,0.1,0.00282027479266667,,,,,
figure7_simulation_real,paper_simulation,0.0464158883361277,0.00281731031533333,,,,,
figure7_simulation_real,paper_simulation,0.0215443469003189,0.00281636036633333,,,,,
figure7_simulation_real,paper_simulation,0.01,0.00281554041433333,,,,,
figure7_simulation_real,paper_simulation,0.00464158883361277,0.00281538899666667,,,,,
figure7_simulation_real,paper_simulation,0.00215443469003189,0.00281471231333333,,,,,
figure7_simulation_real,paper_simulation,0.001,0.002814628106,,,,,
figure7_experiment_real,paper_experiment,0.002,0.00264398781736048,,,,,
figure7_experiment_real,paper_experiment,0.005,0.0025479491648252,,,,,
figure7_experiment_real,paper_experiment,0.01,0.00252088736223894,,,,,
figure7_experiment_real,paper_experiment,0.02,0.00251952708098358,,,,,
figure7_experiment_real,paper_experiment,0.05,0.00253729599890799,,,,,
figure7_experiment_real,paper_experiment,0.1,0.00255512674194494,,,,,
figure7_experiment_real,paper_experiment,0.2,0.002572086033634,,,,,
figure7_experiment_real,paper_experiment,0.5,0.00259355658226104,,,,,
figure7_experiment_real,paper_experiment,1.0,0.00260823928911203,,,,,
figure7_experiment_real,paper_experiment,2.0,0.00262230754983846,,,,,
figure7_experiment_real,paper_experiment,5.0,0.00264012772643067,,,,,
figure7_experiment_real,paper_experiment,10.0,0.0026532730131495,,,,,
figure7_experiment_real,paper_experiment,20.0,0.00266636879104168,,,,,
figure7_experiment_real,paper_experiment,30.0,0.00267402325696144,,,,,
figure7_experiment_real,paper_experiment,70.0,0.00268962577546028,,,,,
figure7_experiment_real,paper_experiment,130.0,0.00270040736983285,,,,,
figure7_experiment_real,paper_experiment,200.0,0.00270803340745445,,,,,
figure7_experiment_real,paper_experiment,500.0,0.0027234382050155,,,,,
figure7_experiment_real,paper_experiment,1000.0,0.00273526287806537,,,,,
figure7_experiment_real,paper_experiment,2000.0,0.00274732085639598,,,,,
figure7_experiment_real,paper_experiment,5000.0,0.00276364469647835,,,,,
figure7_experiment_real,paper_experiment,10000.0,0.00277562147239663,,,,,
figure7_experiment_real,paper_experiment,20000.0,0.002782969441929,,,,,
figure7_experiment_real,paper_experiment,45000.0,0.00276085704419195,,,,,
figure7_experiment_real,paper_experiment,1096520.5777,0.0032346659386871166,,,,,
figure7_experiment_real,paper_experiment,1282054.2618,0.003338166251595218,,,,,
figure7_experiment_real,paper_experiment,1467587.9459,0.0034537961424800047,,,,,
figure7_experiment_real,paper_experiment,1653121.6299,0.003564799403170476,,,,,
figure7_experiment_real,paper_experiment,1838655.314,0.0037028238061261355,,,,,
figure7_experiment_real,paper_experiment,2024188.9981,0.003844343133355206,,,,,
figure7_experiment_real,paper_experiment,2209722.6822,0.003995975956906562,,,,,
figure7_experiment_real,paper_experiment,2395256.3663,0.004169742372443495,,,,,
figure7_experiment_real,paper_experiment,2580790.0504,0.004326225888067561,,,,,
figure7_experiment_real,paper_experiment,2766323.7344,0.004503406050078118,,,,,
figure7_experiment_real,paper_experiment,3329719.5829,0.005089432129629699,,,,,
figure7_experiment_real,paper_experiment,3893115.4313,0.005692864350698533,,,,,
figure7_experiment_real,paper_experiment,4456511.2797,0.006221753369516698,,,,,
figure7_experiment_real,paper_experiment,5019907.1281,0.006712020333034065,,,,,
figure7_experiment_real,paper_experiment,5583302.9765,0.007186633140958852,,,,,
figure7_experiment_real,paper_experiment,6146698.8249,0.007732192188354999,,,,,
figure7_experiment_real,paper_experiment,6710094.6733,0.00815244593527106,,,,,
figure7_experiment_real,paper_experiment,7273490.5217,0.008570688117346395,,,,,
figure7_experiment_real,paper_experiment,7836886.3701,0.00892013163691011,,,,,
figure7_experiment_real,paper_experiment,8400282.2186,0.009268406062556658,,,,,
figure7_experiment_real,paper_experiment,10111102.998,0.00996413295037328,,,,,
figure7_experiment_real,paper_experiment,11821923.7774,0.010596877846340088,,,,,
figure7_experiment_real,paper_experiment,13532744.5567,0.011172982180303376,,,,,
figure7_experiment_real,paper_experiment,15243565.3361,0.01155024150448054,,,,,
figure7_experiment_real,paper_experiment,16954386.1155,0.01193494513316503,,,,,
figure7_experiment_real,paper_experiment,18665206.8949,0.012352561295608275,,,,,
figure7_experiment_real,paper_experiment,20376027.6743,0.012772220369867363,,,,,
figure7_experiment_real,paper_experiment,22086848.4537,0.012985441146822853,,,,,
figure7_experiment_real,paper_experiment,23797669.2331,0.013291350748966134,,,,,
figure7_experiment_real,paper_experiment,25508490.0125,0.013362480264143661,,,,,
figure7_experiment_real,paper_experiment,30703607.7037,0.0138986898294638,,,,,
figure7_experiment_real,paper_experiment,35898725.3948,0.014317786348790695,,,,,
figure7_experiment_real,paper_experiment,41093843.086,0.014546064467823276,,,,,
figure7_experiment_real,paper_experiment,46288960.7772,0.01472339813867852,,,,,
figure7_experiment_real,paper_experiment,51484078.4683,0.014898087700614725,,,,,
figure7_experiment_real,paper_experiment,56679196.1595,0.01494845315752377,,,,,
figure7_experiment_real,paper_experiment,61874313.8507,0.015069460745268819,,,,,
figure7_experiment_real,paper_experiment,67069431.5418,0.015057433515193246,,,,,
figure7_experiment_real,paper_experiment,72264549.233,0.015091841722466947,,,,,
figure7_experiment_real,paper_experiment,77459666.9241,0.01516115262393176,,,,,
figure7_experiment_real,paper_experiment,93235280.6822,0.015515622868733025,,,,,
figure7_experiment_real,paper_experiment,109010894.4403,0.015879291571062343,,,,,
figure7_experiment_real,paper_experiment,124786508.1984,0.016152652474769387,,,,,
figure7_experiment_real,paper_experiment,140562121.9565,0.016420699702346442,,,,,
figure7_experiment_real,paper_experiment,156337735.7145,0.016731950724800677,,,,,
figure7_experiment_real,paper_experiment,172113349.4726,0.017020047542299067,,,,,
figure7_experiment_real,paper_experiment,187888963.2307,0.01711645659052682,,,,,
figure7_experiment_real,paper_experiment,203664576.9888,0.017194474201776923,,,,,
figure7_experiment_real,paper_experiment,219440190.7469,0.01746782778193915,,,,,
figure7_experiment_real,paper_experiment,235215804.5049,0.017919468825554393,,,,,
figure7_experiment_real,paper_experiment,283120395.7459,0.019345043977626875,,,,,
figure7_experiment_real,paper_experiment,331024986.9869,0.02007341249292785,,,,,
figure7_experiment_real,paper_experiment,378929578.2279,0.02195024123556925,,,,,
figure7_experiment_real,paper_experiment,426834169.4689,0.022909332844034815,,,,,
figure7_experiment_real,paper_experiment,474738760.71,0.02525560943564768,,,,,
figure7_experiment_real,paper_experiment,522643351.951,0.0263058553638918,,,,,
figure7_experiment_real,paper_experiment,570547943.192,0.028900013589681344,,,,,
figure7_experiment_real,paper_experiment,618452534.433,0.030405317597048294,,,,,
figure7_experiment_real,paper_experiment,666357125.674,0.03329732924333862,,,,,
figure7_experiment_real,paper_experiment,714261716.915,0.03533235867969784,,,,,
figure7_experiment_real,paper_experiment,859729899.463,0.04396991162218649,,,,,
figure8_experiment,paper_experiment,0.002,,1.60650676742921e-05,144527220.0717199,,,
figure8_experiment,paper_experiment,0.005,,2.82732042861887e-05,101742431.48795818,,,
figure8_experiment,paper_experiment,0.01,,3.54989611590129e-05,63872325.66665389,,,
figure8_experiment,paper_experiment,0.02,,4.08728336749761e-05,36770694.94672001,,,
figure8_experiment,paper_experiment,0.05,,4.40493458687292e-05,15851360.563075026,,,
figure8_experiment,paper_experiment,0.1,,4.32419823120681e-05,7780413.529106498,,,
figure8_experiment,paper_experiment,0.2,,4.08172870807035e-05,3672072.320046016,,,
figure8_experiment,paper_experiment,0.5,,3.75988298510552e-05,1353011.2580897186,,,
figure8_experiment,paper_experiment,1.0,,3.53438054642923e-05,635931.5819981341,,,
figure8_experiment,paper_experiment,2.0,,3.34441013079135e-05,300875.35812653834,,,
figure8_experiment,paper_experiment,5.0,,3.18177195058805e-05,114497.53321774982,,,
figure8_experiment,paper_experiment,10.0,,3.10553253824406e-05,55877.01137579725,,,
figure8_experiment,paper_experiment,20.0,,3.02539185272497e-05,27217.530792084726,,,
figure8_experiment,paper_experiment,30.0,,2.97470617211758e-05,17841.029256885693,,,
figure8_experiment,paper_experiment,70.0,,2.87962337535765e-05,7401.755513120942,,,
figure8_experiment,paper_experiment,130.0,,2.82256856687739e-05,3906.593598016633,,,
figure8_experiment,paper_experiment,200.0,,2.81483129142586e-05,2532.325102941685,,,
figure8_experiment,paper_experiment,500.0,,2.91146634567958e-05,1047.7046117814891,,,
figure8_experiment,paper_experiment,1000.0,,3.1284565607207e-05,562.8947714420633,,,
figure8_experiment,paper_experiment,2000.0,,3.55907851798338e-05,320.1877107833477,,,
figure8_experiment,paper_experiment,5000.0,,4.77107737434982e-05,171.6894229497218,,,
figure8_experiment,paper_experiment,10000.0,,6.67443517419181e-05,120.09131624369012,,,
figure8_experiment,paper_experiment,20000.0,,0.000103557523434116,93.16413278106083,,,
figure8_experiment,paper_experiment,45000.0,,0.000198601406505042,79.4084815754603,,,
figure8_experiment,paper_experiment,1096520.5777,,0.00283482201673354,46.516400000000026,,,
figure8_experiment,paper_experiment,1282054.2618,,0.00331755828604893,46.55959999999996,,,
figure8_experiment,paper_experiment,1467587.9459,,0.00370275210730682,45.395999999999965,,,
figure8_experiment,paper_experiment,1653121.6299,,0.00418326051758183,45.53099999999995,,,
figure8_experiment,paper_experiment,1838655.314,,0.00457435833584034,44.763799999999996,,,
figure8_experiment,paper_experiment,2024188.9981,,0.0049681741107101,44.161400000000036,,,
figure8_experiment,paper_experiment,2209722.6822,,0.00535259993621932,43.583700000000036,,,
figure8_experiment,paper_experiment,2395256.3663,,0.00579745109097195,43.54940000000003,,,
figure8_experiment,paper_experiment,2580790.0504,,0.0061834319174852,43.109600000000015,,,
figure8_experiment,paper_experiment,2766323.7344,,0.00653914099271782,42.53189999999999,,,
figure8_experiment,paper_experiment,3329719.5829,,0.00754989535748544,40.79719999999999,,,
figure8_experiment,paper_experiment,3893115.4313,,0.00851114878120908,39.33579999999999,,,
figure8_experiment,paper_experiment,4456511.2797,,0.0093842012453264,37.88780000000002,,,
figure8_experiment,paper_experiment,5019907.1281,,0.0100988047319977,36.19690000000006,,,
figure8_experiment,paper_experiment,5583302.9765,,0.0108286294250868,34.896299999999876,,,
figure8_experiment,paper_experiment,6146698.8249,,0.0114737930261399,33.58629999999987,,,
figure8_experiment,paper_experiment,6710094.6733,,0.012096997710988,32.43740000000007,,,
figure8_experiment,paper_experiment,7273490.5217,,0.012687060351281,31.38449999999998,,,
figure8_experiment,paper_experiment,7836886.3701,,0.0131658001165546,30.227400000000046,,,
figure8_experiment,paper_experiment,8400282.2186,,0.0137454725391839,29.441700000000054,,,
figure8_experiment,paper_experiment,10111102.998,,0.0152484209525909,27.134599999999995,,,
figure8_experiment,paper_experiment,11821923.7774,,0.016863165663061,25.66539999999995,,,
figure8_experiment,paper_experiment,13532744.5567,,0.0184706336126851,24.55800000000004,,,
figure8_experiment,paper_experiment,15243565.3361,,0.0200711780578512,23.690999999999995,,,
figure8_experiment,paper_experiment,16954386.1155,,0.0215885434702996,22.910700000000027,,,
figure8_experiment,paper_experiment,18665206.8949,,0.0232111589520195,22.374900000000043,,,
figure8_experiment,paper_experiment,20376027.6743,,0.0248586045693714,21.951000000000025,,,
figure8_experiment,paper_experiment,22086848.4537,,0.0264250697109724,21.526799999999987,,,
figure8_experiment,paper_experiment,23797669.2331,,0.0280250082873562,21.188899999999965,,,
figure8_experiment,paper_experiment,25508490.0125,,0.0295680611948411,20.85620000000001,,,
figure8_experiment,paper_experiment,30703607.7037,,0.0344829895392332,20.207500000000003,,,
figure8_experiment,paper_experiment,35898725.3948,,0.0394602583460536,19.77779999999999,,,
figure8_experiment,paper_experiment,41093843.086,,0.0444550080906045,19.464399999999994,,,
figure8_experiment,paper_experiment,46288960.7772,,0.049523471344948,19.249999999999996,,,
figure8_experiment,paper_experiment,51484078.4683,,0.0546827290108225,19.11060000000001,,,
figure8_experiment,paper_experiment,56679196.1595,,0.059854416000356,19.000699999999984,,,
figure8_experiment,paper_experiment,61874313.8507,,0.0650606464440437,18.919299999999996,,,
figure8_experiment,paper_experiment,67069431.5418,,0.0702030968196591,18.833399999999997,,,
figure8_experiment,paper_experiment,72264549.233,,0.0753995636842763,18.773299999999995,,,
figure8_experiment,paper_experiment,77459666.9241,,0.0805768228839403,18.716800000000013,,,
figure8_experiment,paper_experiment,93235280.6822,,0.0960322724394403,18.5325,,,
figure8_experiment,paper_experiment,109010894.4403,,0.111467472344651,18.39820000000001,,,
figure8_experiment,paper_experiment,124786508.1984,,0.127111728080982,18.32800000000006,,,
figure8_experiment,paper_experiment,140562121.9565,,0.143081302394534,18.31519999999997,,,
figure8_experiment,paper_experiment,156337735.7145,,0.15915007635667,18.316400000000037,,,
figure8_experiment,paper_experiment,172113349.4726,,0.175172169433596,18.31250000000003,,,
figure8_experiment,paper_experiment,187888963.2307,,0.190945157816519,18.285400000000017,,,
figure8_experiment,paper_experiment,203664576.9888,,0.206113716805605,18.20909999999999,,,
figure8_experiment,paper_experiment,219440190.7469,,0.221602172560588,18.169999999999998,,,
figure8_experiment,paper_experiment,235215804.5049,,0.23771623130275,18.183999999999976,,,
figure8_experiment,paper_experiment,283120395.7459,,0.286572226167527,18.21209999999999,,,
figure8_experiment,paper_experiment,331024986.9869,,0.333743598876752,18.14049999999999,,,
figure8_experiment,paper_experiment,378929578.2279,,0.38302933753121,18.187400000000004,,,
figure8_experiment,paper_experiment,426834169.4689,,0.430313539445587,18.1394,,,
figure8_experiment,paper_experiment,474738760.71,,0.47940809490334,18.169700000000006,,,
figure8_experiment,paper_experiment,522643351.951,,0.527211620697398,18.149999999999995,,,
figure8_experiment,paper_experiment,570547943.192,,0.575652258279329,18.153699999999994,,,
figure8_experiment,paper_experiment,618452534.433,,0.624301645879686,18.162899999999997,,,
figure8_experiment,paper_experiment,666357125.674,,0.672129704687516,18.148600000000005,,,
figure8_experiment,paper_experiment,714261716.915,,0.721274990715471,18.16939999999999,,,
figure8_experiment,paper_experiment,859729899.463,,0.867660244589902,18.158700000000003,,,
figure8_simulation_all,paper_simulation,10000000000.0,,6.66342783,11.989326406131923,,,
figure8_simulation_all,paper_simulation,4641588833.61277,,3.10728145,12.04511667849254,,,
figure8_simulation_all,paper_simulation,2154434690.03189,,1.44533372,12.0706841836626,,,
figure8_simulation_all,paper_simulation,1000000000.0,,0.671867847,12.088737396091977,,,
figure8_simulation_all,paper_simulation,464158883.361277,,0.314546883,12.193146863445994,,,
figure8_simulation_all,paper_simulation,215443469.003189,,0.147296533,12.301449184977404,,,
figure8_simulation_all,paper_simulation,100000000.0,,0.0698156357,12.561739483248767,,,
figure8_simulation_all,paper_simulation,46415888.3361277,,0.0325563885,12.620211732440032,,,
figure8_simulation_all,paper_simulation,21544346.9003189,,0.0160196405,13.378780176201163,,,
figure8_simulation_all,paper_simulation,10000000.0,,0.00758302351,13.643930170211235,,,
figure8_simulation_all,paper_simulation,4641588.83361277,,0.00374123687,14.502591846331859,,,
figure8_simulation_all,paper_simulation,2154434.69003189,,0.00184685574,15.423989672312139,,,
figure8_simulation_all,paper_simulation,1000000.0,,0.000943766208,16.980931447695127,,,
figure8_simulation_all,paper_simulation,464158.883361278,,0.000512443599,19.8644475578536,,,
figure8_simulation_all,paper_simulation,215443.469003188,,0.000289750926,24.19850773058701,,,
figure8_simulation_all,paper_simulation,100000.0,,0.000188495993,33.915576846953826,,,
figure8_simulation_all,paper_simulation,46415.8883361278,,0.000119983932,46.51076781230461,,,
figure8_simulation_all,paper_simulation,21544.3469003188,,8.21108188e-05,68.57473454620225,,,
figure8_simulation_all,paper_simulation,10000.0,,5.94759149e-05,107.01341340098601,,,
figure8_simulation_all,paper_simulation,4641.58883361278,,4.37135059e-05,169.45174985403105,,,
figure8_simulation_all,paper_simulation,2154.43469003188,,3.21372136e-05,268.3934862520943,,,
figure8_simulation_all,paper_simulation,1000.0,,2.39107321e-05,430.21936917485334,,,
figure8_simulation_all,paper_simulation,464.158883361278,,1.81514715e-05,703.6266125935632,,,
figure8_simulation_all,paper_simulation,215.443469003188,,1.46028633e-05,1219.5560695248835,,,
figure8_simulation_all,paper_simulation,100.0,,1.30359267e-05,2345.51921623664,,,
figure8_simulation_all,paper_simulation,46.4158883361277,,1.3474204e-05,5223.162495621724,,,
figure8_simulation_all,paper_simulation,21.5443469003189,,1.60582331e-05,13411.010731676364,,,
figure8_simulation_all,paper_simulation,10.0,,2.08010988e-05,37426.8573896146,,,
figure8_simulation_all,paper_simulation,4.64158883361277,,2.75384682e-05,106750.5689309079,,,
figure8_simulation_all,paper_simulation,2.15443469003189,,3.60389859e-05,300979.0826013313,,,
figure8_simulation_all,paper_simulation,1.0,,4.37869458e-05,787846.7343193348,,,
figure8_simulation_all,paper_simulation,0.464158883361277,,4.44244106e-05,1722075.1247051046,,,
figure8_simulation_all,paper_simulation,0.215443469003189,,3.37000311e-05,2814453.345679278,,,
figure8_simulation_all,paper_simulation,0.1,,2.00756258e-05,3612153.334053042,,,
figure8_simulation_all,paper_simulation,0.0464158883361277,,1.09546827e-05,4246491.134472666,,,
figure8_simulation_all,paper_simulation,0.0215443469003189,,5.99690611e-06,5008307.682248401,,,
figure8_simulation_all,paper_simulation,0.01,,3.38584141e-06,6092053.348447227,,,
figure8_simulation_all,paper_simulation,0.00464158883361277,,1.98671e-06,7701315.166132733,,,
figure8_simulation_all,paper_simulation,0.00215443469003189,,1.20329355e-06,10049289.116625758,,,
figure8_simulation_all,paper_simulation,0.001,,7.49761e-07,13490247.939832306,,,
figure8_pore,paper_simulation,10000000000.0,,1.904375874e-14,3.426492270322789e-14,,,
figure8_pore,paper_simulation,4641588833.61277,,4.104154489e-14,1.5909411645528257e-13,,,
figure8_pore,paper_simulation,2154434690.03189,,8.856615121e-14,7.396589630652338e-13,,,
figure8_pore,paper_simulation,1000000000.0,,1.906117679e-13,3.4296262531937097e-12,,,
figure8_pore,paper_simulation,464158883.361277,,4.103743983e-13,1.590782035334994e-11,,,
figure8_pore,paper_simulation,215443469.003189,,8.843000117e-13,7.385219079258623e-11,,,
figure8_pore,paper_simulation,100000000.0,,1.905162009e-12,3.4279067418762816e-10,,,
figure8_pore,paper_simulation,46415888.3361277,,4.109904691e-12,1.593170182269097e-09,,,
figure8_pore,paper_simulation,21544346.9003189,,8.848866084e-12,7.390118033327778e-09,,,
figure8_pore,paper_simulation,10000000.0,,1.904302237e-11,3.4263597772499907e-08,,,
figure8_pore,paper_simulation,4641588.83361277,,4.104324172e-11,1.591006940748714e-07,,,
figure8_pore,paper_simulation,2154434.69003189,,8.85640658e-11,7.396415467930228e-07,,,
figure8_pore,paper_simulation,1000000.0,,1.905415131e-10,3.4283621774802973e-06,,,
figure8_pore,paper_simulation,464158.883361278,,4.104962203e-10,1.5912542681299976e-05,,,
figure8_pore,paper_simulation,215443.469003188,,8.841087307e-10,7.383621598684182e-05,,,
figure8_pore,paper_simulation,100000.0,,1.906022895e-09,0.0003429455710892799,,,
figure8_pore,paper_simulation,46415.8883361278,,4.109364848e-09,0.0015929609166448588,,,
figure8_pore,paper_simulation,21544.3469003188,,8.852321542e-09,0.007393003854204384,,,
figure8_pore,paper_simulation,10000.0,,1.905689473e-08,0.03428855793659361,,,
figure8_pore,paper_simulation,4641.58883361278,,4.10165768e-08,0.15899732974248248,,,
figure8_pore,paper_simulation,2154.43469003188,,8.832267895e-08,0.7376256079187576,,,
figure8_pore,paper_simulation,1000.0,,1.892767187e-07,3.4056050721508506,,,
figure8_pore,paper_simulation,464.158883361278,,4.017229855e-07,15.572455571347927,,,
figure8_pore,paper_simulation,215.443469003188,,8.383672707e-07,70.01612440439649,,,
figure8_pore,paper_simulation,100.0,,1.712883659e-06,308.19454802259884,,,
figure8_pore,paper_simulation,46.4158883361277,,3.373745585e-06,1307.8042613382856,,,
figure8_pore,paper_simulation,21.5443469003189,,6.216673683e-06,5191.8462609714525,,,
figure8_pore,paper_simulation,10.0,,1.048182094e-05,18859.658390010434,,,
figure8_pore,paper_simulation,4.64158883361277,,1.623685421e-05,62940.80745441416,,,
figure8_pore,paper_simulation,2.15443469003189,,2.272469828e-05,189784.9972717032,,,
figure8_pore,paper_simulation,1.0,,2.939481601e-05,528893.0154017776,,,
figure8_pore,paper_simulation,0.464158883361277,,3.055988782e-05,1184628.4940604372,,,
figure8_pore,paper_simulation,0.215443469003189,,2.283430513e-05,1907003.7733404348,,,
figure8_pore,paper_simulation,0.1,,1.276088278e-05,2296031.3037532833,,,
figure8_pore,paper_simulation,0.0464158883361277,,6.227810445e-06,2414158.6357283327,,,
figure8_pore,paper_simulation,0.0215443469003189,,2.928876484e-06,2446047.065955129,,,
figure8_pore,paper_simulation,0.01,,1.361142154e-06,2449066.4543524412,,,
figure8_pore,paper_simulation,0.00464158883361277,,6.321750448e-07,2450573.6922695716,,,
figure8_pore,paper_simulation,0.00215443469003189,,2.936012606e-07,2452006.7881816397,,,
figure8_pore,paper_simulation,0.001,,1.362753608e-07,2451965.900176328,,,
figure8_membrane,paper_simulation,10000000000.0,,1.5238281e-07,2.741782899708517e-07,,,
figure8_membrane,paper_simulation,4641588833.61277,,2.23773895e-07,8.674407897217482e-07,,,
figure8_membrane,paper_simulation,2154434690.03189,,3.28265287e-07,2.7415029159053757e-06,,,
figure8_membrane,paper_simulation,1000000000.0,,4.82010705e-07,8.672688923674834e-06,,,
figure8_membrane,paper_simulation,464158883.361277,,7.07893662e-07,2.7440905794856023e-05,,,
figure8_membrane,paper_simulation,215443469.003189,,1.03957279e-06,8.681977497915844e-05,,,
figure8_membrane,paper_simulation,100000000.0,,1.52612859e-06,0.0002745922109467775,,,
figure8_membrane,paper_simulation,46415888.3361277,,2.23444295e-06,0.0008661631228862475,,,
figure8_membrane,paper_simulation,21544346.9003189,,3.24783764e-06,0.0027124270256596557,,,
figure8_membrane,paper_simulation,10000000.0,,4.71698058e-06,0.008487136240958653,,,
figure8_membrane,paper_simulation,4641588.83361277,,6.86533485e-06,0.02661289639700037,,,
figure8_membrane,paper_simulation,2154434.69003189,,1.00779253e-05,0.08416565104621178,,,
figure8_membrane,paper_simulation,1000000.0,,1.45015529e-05,0.26092253949404437,,,
figure8_membrane,paper_simulation,464158.883361278,,2.01845778e-05,0.7824382780230925,,,
figure8_membrane,paper_simulation,215443.469003188,,2.84183934e-05,2.3733581178641785,,,
figure8_membrane,paper_simulation,100000.0,,3.812254e-05,6.859286048436431,,,
figure8_membrane,paper_simulation,46415.8883361278,,4.38724237e-05,17.006778141541066,,,
figure8_membrane,paper_simulation,21544.3469003188,,4.20380929e-05,35.10805401256197,,,
figure8_membrane,paper_simulation,10000.0,,3.8393282e-05,69.07999928029076,,,
figure8_membrane,paper_simulation,4641.58883361278,,3.13333221e-05,121.46100271003392,,,
figure8_membrane,paper_simulation,2154.43469003188,,2.37237509e-05,198.12857114119126,,,
figure8_membrane,paper_simulation,1000.0,,1.81253563e-05,326.12465903774864,,,
figure8_membrane,paper_simulation,464.158883361278,,1.38368414e-05,536.373585098948,,,
figure8_membrane,paper_simulation,215.443469003188,,1.08260074e-05,904.1324815655366,,,
figure8_membrane,paper_simulation,100.0,,8.82783115e-06,1588.367906365828,,,
figure8_membrane,paper_simulation,46.4158883361277,,7.62262971e-06,2954.848658910307,,,
figure8_membrane,paper_simulation,21.5443469003189,,6.99042675e-06,5838.045043900099,,,
figure8_membrane,paper_simulation,10.0,,6.71238831e-06,12077.419680449097,,,
figure8_membrane,paper_simulation,4.64158883361277,,6.58429417e-06,25523.465704456285,,,
figure8_membrane,paper_simulation,2.15443469003189,,6.40530698e-06,53493.830929918135,,,
figure8_membrane,paper_simulation,1.0,,6.00869862e-06,108112.89754939004,,,
figure8_membrane,paper_simulation,0.464158883361277,,5.32385366e-06,206374.7347827779,,,
figure8_membrane,paper_simulation,0.215443469003189,,4.43190402e-06,370129.8393406658,,,
figure8_membrane,paper_simulation,0.1,,3.49187144e-06,628283.0328547267,,,
figure8_membrane,paper_simulation,0.0464158883361277,,2.63826018e-06,1022699.4949659529,,,
figure8_membrane,paper_simulation,0.0215443469003189,,1.92789389e-06,1610077.863941537,,,
figure8_membrane,paper_simulation,0.01,,1.38021062e-06,2483375.8321638056,,,
figure8_membrane,paper_simulation,0.00464158883361277,,9.71955046e-07,3767702.4510668586,,,
figure8_membrane,paper_simulation,0.00215443469003189,,6.77723222e-07,5659995.932770639,,,
figure8_membrane,paper_simulation,0.001,,4.68718696e-07,8433529.382129619,,,
figure8_interfacial,paper_simulation,10000000000.0,,6.60889816,11.89121263809421,,,
figure8_interfacial,paper_simulation,4641588833.61277,,3.08853221,11.972436817634406,,,
figure8_interfacial,paper_simulation,2154434690.03189,,1.43516147,11.985730781214295,,,
figure8_interfacial,paper_simulation,1000000000.0,,0.666281819,11.988229497283099,,,
figure8_interfacial,paper_simulation,464158883.361277,,0.309435189,11.994996320453662,,,
figure8_interfacial,paper_simulation,215443469.003189,,0.144603446,12.076536403892302,,,
figure8_interfacial,paper_simulation,100000000.0,,0.0679391772,12.224113354204903,,,
figure8_interfacial,paper_simulation,46415888.3361277,,0.0322618224,12.506025647235925,,,
figure8_interfacial,paper_simulation,21544346.9003189,,0.0153806573,12.845134257674736,,,
figure8_interfacial,paper_simulation,10000000.0,,0.00739197573,13.300183040051817,,,
figure8_interfacial,paper_simulation,4641588.83361277,,0.00366893923,14.22233609113477,,,
figure8_interfacial,paper_simulation,2154434.69003189,,0.00184361986,15.396965266117402,,,
figure8_interfacial,paper_simulation,1000000.0,,0.000936627213,16.852481431501673,,,
figure8_interfacial,paper_simulation,464158.883361278,,0.00049697014,19.26463186019651,,,
figure8_interfacial,paper_simulation,215443.469003188,,0.000285961753,23.88205548175785,,,
figure8_interfacial,paper_simulation,100000.0,,0.000176615489,31.777949728309764,,,
figure8_interfacial,paper_simulation,46415.8883361278,,9.85936131e-05,38.21898957829031,,,
figure8_interfacial,paper_simulation,21544.3469003188,,4.98082409e-05,41.59728215900819,,,
figure8_interfacial,paper_simulation,10000.0,,2.38244611e-05,42.866711828421316,,,
figure8_interfacial,paper_simulation,4641.58883361278,,1.10125593e-05,42.689265144397474,,,
figure8_interfacial,paper_simulation,2154.43469003188,,5.12658562e-06,42.81460752159467,,,
figure8_interfacial,paper_simulation,1000.0,,2.37246741e-06,42.68716776422325,,,
figure8_interfacial,paper_simulation,464.158883361278,,1.10385747e-06,42.79011166682552,,,
figure8_interfacial,paper_simulation,215.443469003188,,5.12632027e-07,42.81239145481105,,,
figure8_interfacial,paper_simulation,100.0,,2.38114822e-07,42.84335924286588,,,
figure8_interfacial,paper_simulation,46.4158883361277,,1.10645871e-07,42.89094656000454,,,
figure8_interfacial,paper_simulation,21.5443469003189,,5.14964285e-08,43.00716965283712,,,
figure8_interfacial,paper_simulation,10.0,,2.39783695e-08,43.143635071431135,,,
figure8_interfacial,paper_simulation,4.64158883361277,,1.10467182e-08,42.82167926353343,,,
figure8_interfacial,paper_simulation,2.15443469003189,,5.12721954e-09,42.81990169553632,,,
figure8_interfacial,paper_simulation,1.0,,2.37830622e-09,42.79222390154377,,,
figure8_interfacial,paper_simulation,0.464158883361277,,1.10344378e-09,42.774075319945204,,,
figure8_interfacial,paper_simulation,0.215443469003189,,5.12420439e-10,42.794720712824336,,,
figure8_interfacial,paper_simulation,0.1,,2.38101566e-10,42.84097412645291,,,
figure8_interfacial,paper_simulation,0.0464158883361277,,1.1058409e-10,42.86699767203002,,,
figure8_interfacial,paper_simulation,0.0215443469003189,,5.14738772e-11,42.988335966439,,,
figure8_interfacial,paper_simulation,0.01,,2.39461315e-11,43.085630105437396,,,
figure8_interfacial,paper_simulation,0.00464158883361277,,1.10469151e-11,42.82244252991665,,,
figure8_interfacial,paper_simulation,0.00215443469003189,,5.12659143e-12,42.81465604372755,,,
figure8_interfacial,paper_simulation,0.001,,2.37897657e-12,42.80428532872719,,,
